year,aod,yield,methane daytime daily 1 deg (ppbv),net downward shortwave radiation,co day (ppbv),co_night (ppbv),co avg (ppbv),ozone 0.25,ozone 1 deg.,so2 column du,pm2.5 ugm-3,surface skin temp day,surface skin temp night,surface skin temp avg,90%tile precipitation (mm/day),region,crop,ch4 night (ppbv),ch4 day (ppbv),ch4 avg (ppbv),values in du,du,o3 avg,net sw land,so2 sfc ms cnc,co surface concentration (ppbv),o3 sfc mass conc.,co surface mass concentration (ppbv),ozone sfc mass conc.,co night (ppbv),co_day (ppbv),o3_total column o3 du,day o3,so2 ugm-3,co sfc conc (ppbv),90%tile precipitation,total column o3 du,total o3 column,surface skin temp,avg,43.725337975,ch4 (ppbv),pm 2.5 (ugm-3),net sw land wm-2,so2 conc (ugm-3),surface skin temp years,ch4,radiation,co day ppbv,o3 total column 0.25 deg,o3 total column 1 deg,so2 column amount,for wheat,col_19,col_20,col_22,col_24,total column ozone dobson,net dw sw wm-2,shortwave radiation,co ppbv,90%tile precipitation (mm/day) years,yield_lag1,yield_lag2,yield_class
2000.0,0.4325822145,1.1029615278162193,,,,,,,,,35.764583599999995,,,,35.9140475,GKP,maize,,,,,,,,,,,,,,,,,6.014603817499999,131.96846775,,,,,,,,,,,,,,,,,,,,,,,272.0464325,191.88335775000002,159.728737030578,,,,,1
2001.0,0.353273537,1.4580269607843137,,,,,,,,,31.044219325000004,,,,51.229696249999996,GKP,maize,,,,,,,,,,,,,,,,,5.60908464,132.79784025,,,,,,,,,,,,,,,,,,,,,,,275.9855655,196.1340485,156.122877223388,,,1.1029615278162193,,1
2002.0,0.5587118415000001,1.8204152249134948,,,,,,,,,44.67849065,,,,23.19455145,GKP,maize,1843.7858649999998,1816.6028900000001,,,,,,,,,,,,,,,5.2916964150000005,130.62089325,,,,,,,,,,,,1830.1943775,,,,,,,,,,,272.44406125,205.91654975,158.459879334297,164.00916,,1.4580269607843137,1.1029615278162193,2
2003.0,0.47769349825,1.3367003367003367,,,,,,,,,36.253812375,33.31679585,25.8265629,29.571679375,38.91561396,GKP,maize,1848.5588950000001,1802.10918,,,,,,,,,,,,,,,5.762086807500001,133.58062925000002,,,,,,,,,,,,1825.3340375,,,,,,,,,,,276.679985,191.00500875,161.587439552459,153.6203651,,1.8204152249134948,1.4580269607843137,1
2004.0,0.50347871325,0.903862660944206,,,,,,,,,40.244802825,32.703515075,25.644922275,29.174218675,28.828168108,GKP,maize,1838.19793,1821.492335,,,,,,,,,,,,,,,5.7592769425000006,130.3638325,,,,,,,,,,,,1829.8451325,,,266.7153841,266.7750002,0.103055554,,,,,,275.48188749999997,192.4585305,152.743392095902,159.7384523,,1.3367003367003367,1.8204152249134948,0
2005.0,0.4443798065,1.2440215993828747,,,,,,,,,37.248892475,34.631248975,25.230859775,29.931054375,29.214432700000003,GKP,maize,1844.42615,1793.26162,,,,,,,,,,,,,,,6.2924261349999995,132.49066549999998,,,,,,,,,,,,1818.843885,,,252.0799997,252.1660875,-0.131529416,,,,,,271.25847625,200.5645335,154.559942668595,152.8335022,,0.903862660944206,1.3367003367003367,1
2006.0,0.36772995775000006,1.6569046601111586,,,,,,,,,29.106357275,33.045312425,25.219141025,29.132226725,49.386696799999996,GKP,maize,1823.005735,1824.46092,,,,,,,,,,,,,,,5.6559797949999995,130.2060435,,,,,,,,,,,,1823.7333275,,,263.2931616,263.3076914,-0.004374999,,,,,,277.31120300000003,201.4127235,156.133954003306,148.8235565,,1.2440215993828747,0.903862660944206,2
2007.0,0.475441016,1.247146517586769,,,,,,,,,32.44283685,33.46718695,24.6859379,29.076562425,51.1321659,GKP,maize,1833.65773,1860.20043,,,,,,,,,,,,,,,7.1872650025,135.486225,,,,,,,,,,,,1846.9290799999999,,,256.7622808,256.43445380000003,0.030975609,,,,,,271.40472400000004,190.40719224999998,155.728588668934,147.8644359,,1.6569046601111586,1.2440215993828747,1
2008.0,0.45136804124999996,0.5073401343617815,,,,,,,,,36.089701975,29.928124925,24.066797275,26.9974611,26.343498224999998,GKP,maize,1851.81852,1865.55553,,,,,,,,,,,,,,,9.20555586,144.17848575,,,,,,,,,,,,1858.6870250000002,,,258.9865974,259.0092583,-0.010697676,,,,,,272.64424125,178.56745174999998,157.873340838017,137.9488491,,1.247146517586769,1.6569046601111586,0
2009.0,0.5233332665,0.0,,,,,,,,,37.887862424999994,35.8519521,25.2796879,30.56582,47.11196648,GKP,maize,1861.94666,1839.24567,,,,,,,,,,,,,,,7.969541587499999,137.57113275,,,,,,,,,,,,1850.596165,,,272.7208324,271.9987524,0.046000006,,,,,,274.1079025,209.90215675000002,158.407361984298,128.0356254,,0.5073401343617815,1.247146517586769,0
2010.0,0.4948284775,1.0020090406830737,,,,,,,,,34.0381118,34.426171325,25.457422275,29.9417968,15.806660033333335,GKP,maize,1857.3482549999999,1830.1070650000001,,,,,,,,,,,,,,,8.94016561,140.984768,,,,,,,,,,,,1843.72766,,,264.634247,264.4602567,-0.096086959,,,,,,274.90084075,197.32577125000003,156.646583333884,129.8720929,,0.0,0.5073401343617815,0
2011.0,0.44021579624999996,0.40814917127071826,,,,,,,,,33.480280275,32.568749925,24.29921915,28.4339845375,27.9676395575,GKP,maize,1860.43326,1835.28755,,,,,,,,,,,,,,,8.500113615,137.566614,,,,,,,,,,,,1847.860405,,,264.3744184,264.0148504,0.109117651,,,,,,270.298027,193.084202,159.140824869672,129.5676662,,1.0020090406830737,0.0,0
2012.0,0.5236718505,1.0729813664596273,,,,,,,,,41.14821325,34.814843675,25.883203525,30.3490236,25.555826175,GKP,maize,1877.4881,1843.43662,,,,,,,,,,,,,,,8.3000918375,135.95936025,,,,,,,,,,,,1860.46236,,,255.4162502,255.129293,-0.026428574,,,,,,274.2004015,205.67746725,154.894081228099,125.4629751,,0.40814917127071826,1.0020090406830737,1
2013.0,0.453119837,1.3108384458077709,,,,,,,,,30.681678275000003,32.098046325,24.8500004,28.4740233625,41.56592252,GKP,maize,1860.31684,1848.44248,,,,,,,,,,,,,,,7.694218037500001,135.54928975,,,,,,,,,,,,1854.37966,,,272.1743888,271.0478731,-0.033684209,,,,,,275.82113649999997,211.22354525,150.618280482645,121.5787209,,1.0729813664596273,0.40814917127071826,1
2014.0,0.543272257,0.9501545595054096,,,,,,,,,47.273865625,34.607811475,25.738672275,30.173241875,38.498858133333336,GKP,maize,1866.079405,1860.724295,,,,,,,,,,,,,,,8.305892085,135.673111,,,,,,,,,,,,1863.40185,,,272.8128577,273.8202242,-0.093043481,,,,,,274.92737575,207.05445075,151.869871059504,128.7484612,,1.3108384458077709,1.0729813664596273,0
2015.0,0.47368673224999996,1.5469230769230768,,,,,,,,,41.389913275000005,35.07265475,26.113672275,30.5931635125,20.012087833333332,GKP,maize,1892.389265,1860.84071,,,,,,,,,,,,,,,7.9033795075,131.13303200000001,,,,,,,,,,,,1876.6149875,,,268.7895515,268.0302323,-0.091562497,,,,,,282.57446275,207.8652075,145.70527327541,136.3619471,,0.9501545595054096,1.3108384458077709,2
2016.0,0.45325733725,1.3540352042510795,,,,,,,,,34.680631025,33.3304682,25.226953525,29.2787108625,16.2514439,GKP,maize,1891.51615,1858.68703,,,,,,,,,,,,,,,8.5488865975,138.64517575,,,,,,,,,,,,1875.10159,,,257.307693,256.5800009,-0.105666669,,,,,,271.220787,184.10949325,151.983448068595,127.707608,,1.5469230769230768,0.9501545595054096,1
2017.0,0.51522279525,1.2021589793915604,,,,,,,,,44.661728499999995,33.5335932,25.6312504,29.5824218,23.287647025000002,GKP,maize,1899.89805,1871.49271,,,,,,,,,,,,,,,8.48859838,136.84030925000002,,,,,,,,,,,,1885.6953800000001,,,274.1750001,273.9630934,0.185937495,,,,,,273.08276375,186.2288245,148.789957839669,126.8556077,,1.3540352042510795,1.5469230769230768,1
2018.0,0.49364527325,0.4570963806425376,,,,,,,,,44.119007100000005,34.289452575,25.4359379,29.8626952375,29.124385200000003,GKP,maize,1889.71171,1871.0270500000001,,,,,,,,,,,,,,,7.761498775,136.10830875000002,,,,,,,,,,,,1880.36938,,,248.9791673,248.9035724,-0.102999998,,,,,,275.41374199999996,195.95239650000002,147.892299028099,114.4691869,,1.2021589793915604,1.3540352042510795,0
2019.0,0.45824760200000003,0.956973293768546,,,,,,,,,36.932752125,34.8207021,25.75234415,30.286523125,36.984582425,GKP,maize,1858.6870250000002,1886.626705,,,,,,,,,,,,,,,7.6361663674999996,134.70928575,,,,,,,,,,,,1872.656865,,,278.5295759,278.6545447,-0.084482759,,,,,,272.0725175,187.978634,146.802081977869,122.5144474,,0.4570963806425376,1.2021589793915604,0
2020.0,0.45432754625000005,0.9770660340055358,,,,,,,,,34.01434275,31.668359775,25.070703525,28.36953165,29.95661622,GKP,maize,1877.19706,1884.64765,,,,,,,,,,,,,,,8.3754172475,134.20316300000002,,,,,,,,,,,,1880.9223550000002,,,270.5256772,270.5086429,-0.010303024,,,,,,267.29808775,179.579323,150.231494931405,118.5672414,,0.956973293768546,0.4570963806425376,0
2000.0,0.39375853525,1.89,,,,,,,,,37.62824395,,,,35.9140475,GKP,rice,,,,,,,,,,,,,,,,,5.043087505,141.208252,,,,,,,,,,,,,,,,,,,,,,,267.41370399999994,185.01475125,159.728737030578,,2000.0,,,1
2001.0,0.37840737775,1.86,,,,,,,,,35.669495600000005,,,,51.229696249999996,GKP,rice,,,,,,,,,,,,,,,,,5.54041224,148.8918555,,,,,,,,,,,,,,,,,,,,,,,271.65477025,187.00976175,156.122877223388,,2001.0,1.89,,1
2002.0,0.53359618025,1.69,,,,,,,,,46.99499835,,,,23.19455145,GKP,rice,1843.7858649999998,1853.448335,,,,,,,,,,,,,,,5.946947155,143.1978815,,,,,,,,,,,,1848.6171,,,,,,,,,,,268.62696825,190.36408250000002,158.459879334297,164.00916,2002.0,1.86,1.89,0
2003.0,0.3327804805,1.5,,,,,,,,,29.452064449999998,31.379296325,24.746484775,,38.91561396,GKP,rice,1848.5588950000001,1845.47389,,,,,,,,,,,,,,,5.884031483,141.3578528,,,,,,,,,,,2003.0,1847.0163925000002,,,,,,,,,,,270.62474050000003,181.51452625000002,161.587439552459,153.6203651,2003.0,1.69,1.86,0
2004.0,0.45767321425,2.02,,,,,,,,,37.124061925,32.172265075,24.648828525,,28.828168108,GKP,rice,1838.19793,1854.6124949999999,,,,,,,,,,,,,,,6.763791638,141.3223685,,,,,,,,,,,2004.0,1846.4052124999998,,,266.7153841,266.7750002,0.103055554,,,,,,271.88062275,183.25083175,152.743392095902,159.7384523,2004.0,1.5,1.69,1
2005.0,0.41453605125,1.52,,,,,,,,,35.857080725,31.531640075,24.3578129,,29.214432700000003,GKP,rice,1844.42615,1860.89892,,,,,,,,,,,,,,,6.920022778,143.8219853,,,,,,,,,,,2005.0,1852.662535,,,252.0799997,252.1660875,-0.131529416,,,,,,265.32275375,183.56588,154.559942668595,152.8335022,2005.0,2.02,1.5,0
2006.0,0.350157674,1.8,,,,,,,,,29.348757649999996,32.0667968,24.609766025,,49.386696799999996,GKP,rice,1823.005735,1860.31684,,,,,,,,,,,,,,,6.07541284,143.662926,,,,,,,,,,,2006.0,1841.6612875,,,263.2931616,263.3076914,-0.004374999,,,,,,273.05541225,193.555992,156.133954003306,148.8235565,2006.0,1.52,2.02,0
2007.0,0.44732238324999996,1.7,,,,,,,,,35.103798325,31.88124945,24.1156254,,51.1321659,GKP,rice,1833.65773,1860.20043,,,,,,,,,,,,,,,8.192507573,150.2950553,,,,,,,,,,,2007.0,1846.9290799999999,,,256.7622808,256.43445380000003,0.030975609,,,,,,266.13191975,178.0081025,155.728588668934,147.8644359,2007.0,1.8,1.52,0
2008.0,0.46621204175,1.89,,,,,,,,,38.874947875000004,30.3929682,23.66640665,,26.343498224999998,GKP,rice,1851.81852,1865.55553,,,,,,,,,,,,,,,9.751768943,158.1296805,,,,,,,,,,,2008.0,1858.6870250000002,,,258.9865974,259.0092583,-0.010697676,,,,,,269.84201049999996,174.22216825,157.873340838017,137.9488491,2008.0,1.7,1.8,1
2009.0,0.441625081,1.94,,,,,,,,,37.208895375,32.9378896,23.7718754,,47.11196648,GKP,rice,1861.94666,1839.24567,,,,,,,,,,,,,,,8.710329018,146.0667268,,,,,,,,,,,2009.0,1850.596165,,,272.7208324,271.9987524,0.046000006,,,,,,268.683792,192.891918,158.407361984298,128.0356254,2009.0,1.89,1.7,1
2010.0,0.4227203355,1.82,,,,,,,,,28.583323,31.49257805,24.6000004,,15.806660033333335,GKP,rice,1857.3482549999999,1879.52537,,,,,,,,,,,,,,,7.420900005,149.7255593,,,,,,,,,,,2010.0,1868.4368125,,,264.634247,264.4602567,-0.096086959,,,,,,269.3187865,181.8538055,156.646583333884,129.8720929,2010.0,1.94,1.89,0
2011.0,0.48034469775,2.03,,,,,,,,,40.48216875,31.346093675,23.9906254,,27.9676395575,GKP,rice,1860.43326,1873.35536,,,,,,,,,,,,,,,10.15658469,150.8505668,,,,,,,,,,,2011.0,1866.8943100000001,,,264.3744184,264.0148504,0.109117651,,,,,,267.718933,179.87847525,159.140824869672,129.5676662,2011.0,1.82,1.94,1
2012.0,0.44095622,2.18,,,,,,,,,38.318210675,31.619531175,24.40078165,,25.555826175,GKP,rice,1877.4881,1877.895555,,,,,,,,,,,,,,,8.211727853,151.9205648,,,,,,,,,,,2012.0,1877.6918275,,,255.4162502,255.129293,-0.026428574,,,,,,269.1131975,194.13436875,154.894081228099,125.4629751,2012.0,2.03,1.82,1
2013.0,0.405277297,2.28,,,,,,,,,32.368537625,31.2464843,23.95546915,,41.56592252,GKP,rice,1860.31684,1873.82102,,,,,,,,,,,,,,,7.07551917,148.6595458,,,,,,,,,,,2013.0,1867.06893,,,272.1743888,271.0478731,-0.033684209,,,,,,271.7190935,194.823452,150.618280482645,121.5787209,2013.0,2.18,2.03,1
2014.0,0.47441971325,2.4,,,,,,,,,43.948949975,31.789452575,24.594141025,,38.498858133333336,GKP,rice,1866.079405,1887.8490649999999,,,,,,,,,,,,,,,8.373361003,148.1303178,,,,,,,,,,,2014.0,1876.964235,,,272.8128577,273.8202242,-0.093043481,,,,,,271.173538,190.08599825,151.869871059504,128.7484612,2014.0,2.28,2.18,2
2015.0,0.47588325275,2.21,,,,,,,,,44.653673425,33.781639125,24.867578525,,20.012087833333332,GKP,rice,1892.389265,1890.4102050000001,,,,,,,,,,,,,,,9.181951643,145.4755098,,,,,,,,,,,2015.0,1891.399735,,,268.7895515,268.0302323,-0.091562497,,,,,,278.67732975,193.65002049999998,145.70527327541,136.3619471,2015.0,2.4,2.28,1
2016.0,0.41763666275,1.39,,,,,,,,,39.621886475,31.711327575,24.109766025,,16.2514439,GKP,rice,1891.51615,1875.9165,,,,,,,,,,,,,,,9.403882665,151.3941078,,,,,,,,,,,2016.0,1883.7163249999999,,,257.307693,256.5800009,-0.105666669,,,,,,269.10071800000003,172.99730674999998,151.983448068595,127.707608,2016.0,2.21,2.4,0
2017.0,0.5026916935,1.85,,,,,,,,,48.269286175000005,32.016015075,24.90078165,,23.287647025000002,GKP,rice,1899.89805,1899.31598,,,,,,,,,,,,,,,9.143007008,151.7941648,,,,,,,,,,,2017.0,1899.607015,,,274.1750001,273.9630934,0.185937495,,,,,,268.49926000000005,169.82650375,148.789957839669,126.8556077,2017.0,1.39,2.21,0
2018.0,0.39991208925,2.55,,,,,,,,,40.421781725,32.38906195,24.03359415,,29.124385200000003,GKP,rice,1889.71171,1888.3729349999999,,,,,,,,,,,,,,,9.24841149,145.8801175,,,,,,,,,,,2018.0,1889.0423225,,,248.9791673,248.9035724,-0.102999998,,,,,,270.885666,186.4484635,147.892299028099,114.4691869,2018.0,1.85,1.39,2
2019.0,0.48343104125,2.67,,,,,,,,,42.1492767,31.49843695,24.77578165,,36.984582425,GKP,rice,1858.6870250000002,1867.35997,,,,,,,,,,,,,,,7.944656713,149.8353178,,,,,,,,,,,2019.0,1863.0234975,,,278.5295759,278.6545447,-0.084482759,,,,,,268.17426324999997,165.72992699999998,146.802081977869,122.5144474,2019.0,2.55,1.85,2
2020.0,0.47372508799999996,2.8,,,,,,,,,41.473484725000006,32.322656175,25.31484415,,29.95661622,GKP,rice,1877.19706,1890.00275,,,,,,,,,,,,,,,10.32924556,142.0212518,,,,,,,,,,,2020.0,1883.599905,,,270.5256772,270.5086429,-0.010303024,,,,,,262.88987699999996,175.64732375,150.231494931405,118.5672414,2020.0,2.67,2.55,2
2000.0,0.47113110125,2.42857062962093,,,,,,,,,79.231100225,,,,,GKP,wheat,,,,,,,,,,,,,,,,,,,,,,,,,,,,,,,159.728737030578,,,,,,,,,,,,,,,,,1
2001.0,0.6305288745000001,2.38584123681677,,,,,,,,,99.409105,,,,,GKP,wheat,,,,,,,,,,,,,,,,,,,,,,,,,,,,,,,156.122877223388,,,,,,,,35.9140475,,,,,,,2.42857062962093,,1
2002.0,0.52187671525,2.64004808334446,,,,,157.72821955,,,,80.706485,,,,,GKP,wheat,1856.831438787879,1002.180059090909,,,,,,,,,,,151.4472791,,,,,,,,,,,,,,,,,1429.505748939394,158.459879334297,164.00916,,,,,,,51.229696249999996,,,,,,,2.38584123681677,2.42857062962093,2
2003.0,0.5233053862500001,2.10119561464088,,,,,152.86615045,,,,76.3817575,,,,,GKP,wheat,1858.0290282608698,1039.2867214049584,,,,,,,,,,,152.1119358,,,,,,,,,,,,,,,,,1448.657874832914,161.587439552459,153.6203651,,,,,,,23.19455145,,,,,,,2.64004808334446,2.38584123681677,0
2004.0,0.5815368965000001,2.36499312205563,,,,,156.04789605000002,,,,73.97565,,,,,GKP,wheat,1843.7659097142857,1046.7296052066117,,,,,,,,,,,152.3573398,,,,,,,,,,,,,,,,,1445.2477574604486,152.743392095902,159.7384523,266.7153841,266.7750002,0.103055554,2003.0,25.2171879,10.344140900000001,38.91561396,,,,,,,2.10119561464088,2.64004808334446,1
2005.0,0.53278068425,2.39691446122456,,,,,152.5492081,,,,94.787395,,,,,GKP,wheat,1869.6926195522383,1035.3305246280993,,,,,,,,,,,152.264914,,,,,,,,,,,,,,,,,1452.5115720901688,154.559942668595,152.8335022,252.0799997,252.1660875,-0.131529416,2004.0,26.312891025,12.211328525,28.828168108,,,,,,,2.36499312205563,2.10119561464088,1
2006.0,0.59501916175,2.19199944507289,,,,,150.951852,,,,77.1728075,,,,,GKP,wheat,1866.9292329999996,1049.3542414049587,,,,,,,,,,,153.0801475,,,,,,,,,,,,,,,,,1458.1417372024791,156.133954003306,148.8235565,263.2931616,263.3076914,-0.004374999,2005.0,27.324609775,12.060937895,29.214432700000003,,,,,,,2.39691446122456,2.36499312205563,1
2007.0,0.608493298,2.52500217032729,,,,,150.2606513,,,,81.743665,,,,,GKP,wheat,1866.7596494029854,1036.0078498347107,,,,,,,,,,,152.6568667,,,,,,,,,,,,,,,,,1451.383749618848,155.728588668934,147.8644359,256.7622808,256.43445380000003,0.030975609,2006.0,26.273828525,11.725000395,49.386696799999996,,,,,,,2.19199944507289,2.39691446122456,1
2008.0,0.6324731259999999,2.74860023896399,,,,,144.92728549999998,,,,85.499385,,,,,GKP,wheat,1869.3122360317468,936.7796631404962,,,,,,,,,,,151.9057219,,,,,,,,,,,,,,,,,1403.0459495861214,157.873340838017,137.9488491,258.9865974,259.0092583,-0.010697676,2007.0,26.035547275,11.629297269999999,51.1321659,,,,,,,2.52500217032729,2.19199944507289,2
2009.0,,2.72080886803071,,,,,139.7576211,,,,79.24275,,,,,GKP,wheat,1871.765081132076,1009.252099809524,,,,,,,,,,,151.4796168,,,,,,,,,,,,,,,,,1440.5085904707998,158.407361984298,128.0356254,272.7208324,271.9987524,0.046000006,2008.0,26.3812504,12.492578525,26.343498224999998,,,,,,,2.74860023896399,2.52500217032729,2
2010.0,0.60928611475,2.64952354778528,,,,,140.98525555,,,,90.8185675,,,,,GKP,wheat,1874.0891277272729,937.8033482644624,,,,,,,,,,,152.0984182,,,,,,,,,,,,,,,,,1405.9462379958677,156.646583333884,129.8720929,264.634247,264.4602567,-0.096086959,2009.0,25.3968754,10.844140900000001,47.11196648,,,,,,,2.72080886803071,2.74860023896399,2
2011.0,0.6987829805,2.92674563918381,,,,,140.31371015,,,,83.7573375,,,,,GKP,wheat,1875.6406813846156,942.8986833884297,,,,,,,,,,,151.0597541,,,,,,,,,,,,,,,,,1409.2696823865226,159.140824869672,129.5676662,264.3744184,264.0148504,0.109117651,2010.0,25.617578525,11.646875269999999,15.806660033333335,,,,,,,2.64952354778528,2.72080886803071,2
2012.0,0.668616578,3.06100064550948,,,,,138.29667295000002,,,,108.7332675,,,,,GKP,wheat,1878.5764092424242,1048.0250541666671,,,,,,,,,,,151.1303708,,,,,,,,,,,,,,,,,1463.3007317045458,154.894081228099,125.4629751,255.4162502,255.129293,-0.026428574,2011.0,24.754297275,11.574609765,27.9676395575,,,,,,,2.92674563918381,2.64952354778528,2
2013.0,0.67177476,3.11400249134075,,,,,135.53790475,,,,88.3659475,,,,,GKP,wheat,1877.8042150769238,870.8481824793388,,,,,,,,,,,149.4970886,,,,,,,,,,,,,,,,,1374.3261987781314,150.618280482645,121.5787209,272.1743888,271.0478731,-0.033684209,2012.0,24.566797275,10.35390652,25.555826175,,,,,,,3.06100064550948,2.92674563918381,2
2014.0,0.58499686425,3.24701239129408,,,,,140.03153595,,,,92.2826875,,,,,GKP,wheat,1875.7401089393938,1013.9485898347108,,,,,,,,,,,151.3146107,,,,,,,,,,,,,,,,,1444.8443493870523,151.869871059504,128.7484612,272.8128577,273.8202242,-0.093043481,2013.0,23.855859775,11.463281645,41.56592252,,,,,,,3.11400249134075,3.06100064550948,2
2015.0,0.70308031125,1.74199855976704,,,,,144.78473225,,,,86.474905,,,,,GKP,wheat,1885.7392494202898,1034.2718881967212,,,,,,,,,,,153.2075174,,,,,,,,,,,,,,,,,1460.0055688085054,145.70527327541,136.3619471,268.7895515,268.0302323,-0.091562497,2014.0,24.133203525,11.119531640000002,38.498858133333336,,,,,,,3.24701239129408,3.11400249134075,0
2016.0,0.63805558525,2.2280011746691,,,,,139.61042795,,,,107.1212625,,,,,GKP,wheat,1889.9590945312502,970.7075136363634,,,,,,,,,,,151.5132479,,,,,,,,,,,,,,,,,1430.3333040838068,151.983448068595,127.707608,257.307693,256.5800009,-0.105666669,2015.0,27.004297275,12.273828519999999,20.012087833333332,,,,,,,1.74199855976704,3.24701239129408,1
2017.0,0.6713512687500001,3.64501734732266,,,,,140.37649345,,,,107.456775,,,,,GKP,wheat,1894.1046777941174,1069.4892813223141,,,,,,,,,,,153.8973792,,,,,,,,,,,,,,,,,1481.7969795582158,148.789957839669,126.8556077,274.1750001,273.9630934,0.185937495,2016.0,25.61953165,11.846094145,16.2514439,,,,,,,2.2280011746691,1.74199855976704,2
2018.0,0.7149473577499998,4.23599818979105,,,,,131.5901861,,,,93.742015,,,,,GKP,wheat,1897.0508657142857,1045.1132599173554,,,,,,,,,,,148.7111853,,,,,,,,,,,,,,,,,1471.0820628158206,147.892299028099,114.4691869,248.9791673,248.9035724,-0.102999998,2017.0,25.695703525,11.2894534,23.287647025000002,,,,,,,3.64501734732266,2.2280011746691,2
2019.0,0.71220435175,4.01753719845043,,,,,136.1098503,,,,83.68669,,,,,GKP,wheat,1886.2209148571428,1110.0143682786886,,,,,,,,,,,149.7052532,,,,,,,,,,,,,,,,,1498.1176415679156,146.802081977869,122.5144474,278.5295759,278.6545447,-0.084482759,2018.0,26.832422275,11.404687890000002,29.124385200000003,,,,,,,4.23599818979105,3.64501734732266,2
2020.0,0.6689607055000001,3.6959816013736,,,,,135.56476035,,,,92.900725,,,,,GKP,wheat,1906.8228845161286,963.6802614876033,,,,,,,,,,,152.5622793,,,,,,,,,,,,,,,,,1435.2515730018658,150.231494931405,118.5672414,270.5256772,270.5086429,-0.010303024,2019.0,24.594141025,11.840234765,36.984582425,,,,,,,4.01753719845043,4.23599818979105,2
2000.0,0.4359046295,2.03,,,,,,,,,,,,,40.519664766666665,PYG,maize,,,,,,,,,,,,,,,,,,124.93906199999999,,271.72908774999996,,,,,,33.79637965,182.54415875,6.0544659275,,,,,,,,,,,,,,,,,,,,2
2001.0,0.40085798499999997,2.12,,,,,,,,,,,,,39.9961198,PYG,maize,,,,,,,,,,,,,,,,,,124.64419555,,275.95400975,,,,,,32.95593475,180.34299475,6.1577941625,,,,,,,,,,,,,,,,,,2.03,,2
2002.0,0.55007242375,1.93,,,,,,,,,,,,,29.8056135,PYG,maize,1876.26574,1887.0341600000002,1881.64995,,,,,,,,,,,,,,,125.30693070000001,,271.6965715,,,,,,41.513294675,197.58493024999999,6.0819607675,,,,,,,,,,,,,,,,,,2.12,2.03,2
2003.0,0.5028128550000001,1.38,,,,,,,,,,34.7679682,25.9359379,30.35195305,35.12002734,PYG,maize,1853.56475,1851.23645,1852.4006,,,,,,,,,,,,,,,131.73059625,,276.90267200000005,,,,,,34.5193495,177.0767745,7.134607685,,,,,,,,,,,,,,,,,,1.93,2.12,1
2004.0,0.512143202,1.14,,,,,,,,,,34.6800771,25.3656254,30.02285125,30.969372433333337,PYG,maize,1847.51116,1829.11754,1838.31435,,,,,,,,,,,,,,,123.51498624999999,,275.126602,,,,,,38.731363075,186.92456425,6.219485595,,,,,,,,,,,,,,,,,,1.38,1.93,1
2005.0,0.4621040375,0.85,,,,,,,,,,35.851952575,25.355859775,30.603906175,30.664595219999995,PYG,maize,1848.67531,1869.28082,1858.978065,,,,,,,,,,,,,,,122.847843,,271.42301925,,,,,,36.442640225,192.29333875000003,6.414450525000001,,,,,,,,,,,,,,,,,,1.14,1.38,0
2006.0,0.38026559325,1.28,,,,,,,,,,35.2738271,25.000391025,30.1371090625,24.192968366666666,PYG,maize,1842.38888,1843.55304,1842.97096,,,,,,,,,,,,,,,122.55900550000001,,277.03831475,,,,,,28.393404325,192.5970575,7.2774302125000006,,,,,,,,,,,,,,,,,,0.85,1.14,1
2007.0,0.47869125749999997,1.33,,,,,,,,,,35.701561,25.535547275,30.6185541375,31.630679599999997,PYG,maize,1856.24231,1836.68453,1846.46342,,,,,,,,,,,,,,,124.40067675,,271.61363974999995,,,,,,29.412350924999995,187.309204,7.3280064225,,,,,,,,,,,,,,,,,,1.28,0.85,1
2008.0,0.49818733299999995,1.43,,,,,,,,,,31.367577575,23.613672275,27.490624925,45.5556517,PYG,maize,1858.68703,1853.68117,1856.1841,,,,,,,,,,,,,,,131.56874075,,272.78157825,,,,,,41.043141725,167.1842615,9.038410675,,,,,,,,,,,,,,,,,,1.33,1.28,1
2009.0,0.5264484435000001,1.5,,,,,,,,,,37.391014125,25.51796915,31.4544916375,20.159573549999998,PYG,maize,1888.37294,1839.36208,1863.86751,,,,,,,,,,,,,,,131.878067,,274.4668655,,,,,,36.524636,199.8673135,8.0629778425,,,,,,,,,,,,,,,,,,1.43,1.33,2
2010.0,0.50550745425,1.46,,,,,,,,,,37.055076625,26.22109415,31.6380853875,28.482752466666668,PYG,maize,1891.28332,1846.57983,1868.931575,,,,,,,,,,,,,,,133.81672475,,274.6217805,,,,,,33.007382075,186.1706965,10.020691945000001,,,,,,,,,,,,,,,,,,1.5,1.43,1
2011.0,0.47661652400000004,1.76,,,,,,,,,,31.949608825,24.7796879,28.3646483625,37.1653204,PYG,maize,1870.67781,1873.82102,1872.249415,,,,,,,,,,,,,,,134.21068575,,270.69836425,,,,,,34.71815109999999,180.27299875,9.3675158675,,,,,,,,,,,,,,,,,,1.46,1.5,2
2012.0,0.552429639,1.0,,,,,,,,,,35.937890075,25.29140665,30.6146483625,30.563930525,PYG,maize,1888.37294,1864.04213,1876.207535,,,,,,,,,,,,,,,130.38203264999999,,274.481003,,,,,,40.4488663,194.10850525,8.6540535825,,,,,,,,,,,,,,,,,,1.76,1.46,0
2013.0,0.4684248195,1.14,,,,,,,,,,32.95156195,24.8890629,28.920312425,30.3311116,PYG,maize,1857.75571,1867.65101,1862.70336,,,,,,,,,,,,,,,132.3511735,,276.31607825,,,,,,30.525695650000003,199.29460500000002,11.465515875,,,,,,,,,,,,,,,,,,1.0,1.76,1
2014.0,0.52104955175,1.08,,,,,,,,,,37.008201625,26.1390629,31.5736322625,27.963450250000005,PYG,maize,1869.39724,1873.23894,1871.31809,,,,,,,,,,,,,,,122.11224575,,275.7095945,,,,,,39.432771025,201.1360625,8.2089964825,,,,,,,,,,,,,,,,,,1.14,1.0,1
2015.0,0.48357663325000005,1.78,,,,,,,,,,36.726951625,25.836328525,31.281640075,29.145523700000002,PYG,maize,1884.2984,1864.50779,1874.4030950000001,,,,,,,,,,,,,,,122.065279,,282.7211535,,,,,,37.775076850000005,203.699421,7.24616378,,,,,,,,,,,,,,,,,,1.08,1.14,2
2016.0,0.46385324725,0.73,,,,,,,,,,33.639062425,25.801172275,29.72011735,19.316581239999998,PYG,maize,1905.6024,1880.34028,1892.97134,,,,,,,,,,,,,,,133.13684075,,271.37103275000004,,,,,,32.992296375,185.980474,10.0784631725,,,,,,,,,,,,,,,,,,1.78,1.08,0
2017.0,0.4996089712499999,1.88,,,,,,,,,,34.992577575,25.30703165,30.1498046125,38.5684891,PYG,maize,1903.97259,1889.07143,1896.5220100000001,,,,,,,,,,,,,,,124.98727249999999,,273.41661825,,,,,,42.211239424999995,183.38615800000002,8.20889201,,,,,,,,,,,,,,,,,,0.73,1.78,2
2018.0,0.4819817765,2.19,,,,,,,,,,34.396874925,24.766016025,29.581445475,23.891687020000003,PYG,maize,1915.73054,1893.61162,1904.67108,,,,,,,,,,,,,,,125.51714900000002,,276.25913249999996,,,,,,41.5721563,192.4850425,7.855671335,,,,,,,,,,,,,,,,,,1.88,0.73,2
2019.0,0.455155179,1.75,,,,,,,,,,35.87343695,25.535547275,30.7044921125,49.10425378,PYG,maize,1882.20292,1897.45333,1889.828125,,,,,,,,,,,,,,,135.26459699999998,,271.67803175,,,,,,35.244803974999996,183.4897345,9.257705264999998,,,,,,,,,,,,,,,,,,2.19,1.88,2
2020.0,0.468033299,1.83,,,,,,,,,,33.578514125,25.6546879,29.6166010125,28.35903545,PYG,maize,1918.5245,1893.72804,1906.12627,,,,,,,,,,,,,,,125.518917,,268.72658524999997,,,,,,33.02562042499999,175.14380274999996,8.589563615000001,,,,,,,,,,,,,,,,,,1.75,2.19,2
2000.0,0.39410486075000006,2.1,,,,,,,,,,,,,40.519664766666665,PYG,rice,,,,,,,,,,,,,,,,,,137.427721,,267.4883805,,,,,,35.041817775,179.21712100000002,7.56457585,2000.0,,,,,,,,,,,,,,,,,,,1
2001.0,0.40292996150000004,1.83,,,,,,,,,,,,,39.9961198,PYG,rice,,,,,,,,,,,,,,,,,,140.77586175,,271.52481825,,,,,,35.349789224999995,175.75292975,7.944574662499999,2001.0,,,,,,,,,,,,,,,,,2.1,,0
2002.0,0.50890369675,2.0,,,,,,,,,,,,,29.8056135,PYG,rice,1876.26574,1887.0341600000002,1881.64995,,,,,,,,,,,,,,,137.6547127,,267.81286624999996,,,,,,40.939077225,185.134609,7.0249862025,2002.0,,,,,,,,,,,,,,,,,1.83,2.1,1
2003.0,0.37963821,1.9,,,,,,,,,,31.965233825,24.469141025,28.217187425,35.12002734,PYG,rice,1853.56475,1851.23645,1852.4006,,,,,,,,,,,,,,,145.76941275000001,,270.5793,,,,,,30.404884375,168.53087225,8.3766511525,2003.0,,,,,,,,,,,,,,,,,2.0,1.83,1
2004.0,0.48905953025,2.33,,,,,,,,,,33.428123975,24.191797275,28.809960625,30.969372433333337,PYG,rice,1847.51116,1829.11754,1838.31435,,,,,,,,,,,,,,,138.2123185,,271.98901349999994,,,,,,39.170835925,179.2331465,6.887577955,2004.0,,,,,,,,,,,,,,,,,1.9,2.0,2
2005.0,0.431321852,1.79,,,,,,,,,,32.59999945,23.840234775,28.2201171125,30.664595219999995,PYG,rice,1848.67531,1869.28082,1858.978065,,,,,,,,,,,,,,,141.92551600000002,,265.82466875,,,,,,36.090048225,178.14090725000003,7.855728945000001,2005.0,,,,,,,,,,,,,,,,,2.33,1.9,0
2006.0,0.36301168024999997,2.02,,,,,,,,,,33.3441396,23.7328129,28.53847625,24.192968366666666,PYG,rice,1842.38888,1843.55304,1842.97096,,,,,,,,,,,,,,,136.63303925,,273.0002975,,,,,,27.90923155,187.04188549999998,7.545965407500001,2006.0,,,,,,,,,,,,,,,,,1.79,2.33,1
2007.0,0.45626332625000005,2.12,,,,,,,,,,33.516014125,23.766016025,28.641015075,31.630679599999997,PYG,rice,1856.24231,1836.68453,1846.46342,,,,,,,,,,,,,,,141.7880575,,266.7367095,,,,,,32.379121475000005,177.85247800000002,8.71316008,2007.0,,,,,,,,,,,,,,,,,2.02,1.79,1
2008.0,0.5017322895,2.15,,,,,,,,,,32.2132807,23.109766025,27.6615233625,45.5556517,PYG,rice,1858.68703,1853.68117,1856.1841,,,,,,,,,,,,,,,148.18215175,,269.94252025000003,,,,,,41.620864499999996,169.53678150000002,10.486465237500001,2008.0,,,,,,,,,,,,,,,,,2.12,2.02,1
2009.0,0.45968037075,2.44,,,,,,,,,,33.91640475,23.676172275,28.7962885125,20.159573549999998,PYG,rice,1888.37294,1839.36208,1863.86751,,,,,,,,,,,,,,,142.83274475,,269.20980825000004,,,,,,36.47743345000001,184.42950075000002,9.4147620725,2009.0,,,,,,,,,,,,,,,,,2.15,2.12,2
2010.0,0.44842068850000005,2.17,,,,,,,,,,33.7718735,24.590234775,29.1810541375,28.482752466666668,PYG,rice,1891.28332,1846.57983,1868.931575,,,,,,,,,,,,,,,151.0942135,,269.28580474999995,,,,,,29.82736655,172.15527724999998,11.6971719,2010.0,,,,,,,,,,,,,,,,,2.44,2.15,1
2011.0,0.4811910465,2.33,,,,,,,,,,31.8070307,24.051172275,27.9291014875,37.1653204,PYG,rice,1870.67781,1873.82102,1872.249415,,,,,,,,,,,,,,,146.51337825,,268.189354,,,,,,38.092597025,173.43316275,10.33152784,2011.0,,,,,,,,,,,,,,,,,2.17,2.44,2
2012.0,0.4811865465,2.56,,,,,,,,,,32.70937445,23.0921879,27.900781175,30.563930525,PYG,rice,1888.37294,1864.04213,1876.207535,,,,,,,,,,,,,,,147.22197175,,269.46714025,,,,,,38.15091352500001,183.73623650000002,12.812147785,2012.0,,,,,,,,,,,,,,,,,2.33,2.17,2
2013.0,0.41128138449999996,2.87,,,,,,,,,,31.170312425,23.69765665,27.4339845375,30.3311116,PYG,rice,1857.75571,1867.65101,1862.70336,,,,,,,,,,,,,,,145.47579575,,272.13656625,,,,,,30.142145175000003,188.75786575,11.465515875,2013.0,,,,,,,,,,,,,,,,,2.56,2.33,2
2014.0,0.49241622549999997,2.64,,,,,,,,,,33.607811,24.594141025,29.1009760125,27.963450250000005,PYG,rice,1869.39724,1873.23894,1871.31809,,,,,,,,,,,,,,,134.43426525,,272.02042374999996,,,,,,38.987380975,186.736496,10.3900156125,2014.0,,,,,,,,,,,,,,,,,2.87,2.56,2
2015.0,0.48589285475,2.1,,,,,,,,,,34.9906235,24.2640629,29.6273432,29.145523700000002,PYG,rice,1884.2984,1864.50779,1874.4030950000001,,,,,,,,,,,,,,,136.71599575,,278.85736875,,,,,,40.0748198,190.74512099999998,8.2691561275,2015.0,,,,,,,,,,,,,,,,,2.64,2.87,1
2016.0,0.428279273,1.83,,,,,,,,,,31.365624925,24.141016025,27.753320475,19.316581239999998,PYG,rice,1905.6024,1880.34028,1892.97134,,,,,,,,,,,,,,,142.895359,,267.5830765,,,,,,33.466039300000006,167.218815,10.91778668,2016.0,,,,,,,,,,,,,,,,,2.1,2.64,0
2017.0,0.48319179575,2.76,,,,,,,,,,32.80312445,24.004297275,28.4037108625,38.5684891,PYG,rice,1903.97259,1889.07143,1896.5220100000001,,,,,,,,,,,,,,,139.72027975,,268.9100035,,,,,,43.67952525,170.48713675000002,9.87479631,2017.0,,,,,,,,,,,,,,,,,1.83,2.1,2
2018.0,0.39718398450000003,2.74,,,,,,,,,,32.127343675,22.8890629,27.5082032875,23.891687020000003,PYG,rice,1915.73054,1893.61162,1904.67108,,,,,,,,,,,,,,,140.51918025,,271.2773515,,,,,,38.516813025,184.40616225,8.779820647500001,2018.0,,,,,,,,,,,,,,,,,2.76,1.83,2
2019.0,0.47920688975000003,3.12,,,,,,,,,,31.627343675,23.98671915,27.8070314125,49.10425378,PYG,rice,1882.20292,1897.45333,1889.828125,,,,,,,,,,,,,,,149.7965185,,268.106819,,,,,,39.917227775,163.93923925,11.588313204999999,2019.0,,,,,,,,,,,,,,,,,2.74,2.76,2
2020.0,0.481492311,3.12,,,,,,,,,,34.1312485,24.953516025,29.5423822625,28.35903545,PYG,rice,1918.5245,1893.72804,1906.12627,,,,,,,,,,,,,,,133.7135715,,264.09020224999995,,,,,,38.30053775,171.69831475,9.95755922,2020.0,,,,,,,,,,,,,,,,,3.12,2.74,2
2000.0,0.1426160785,2.34085678117268,,166.1409842,,,,,,,73.43000012499999,,,,40.519664766666665,PYG,wheat,,,,,,,,,,,,,,,,,,,,,,,,,,,,,,,,,,,,,,,,,,,,,,,,1
2001.0,0.42943713075,2.26961403309639,,161.908457,,,,,,,82.20573085,,,,39.9961198,PYG,wheat,,,,,,,,,,,,,,,,,,,,,,,,,,,,,,,,,,,,,,,,,,,,,,2.34085678117268,,1
2002.0,0.497212,2.10732728873658,,164.3858026,,,158.60118155,,,,75.866578375,,,,29.8056135,PYG,wheat,,,,,,,,,,,,,151.3212344,165.8811287,,,,,,,,,,,1858.553436,,,,,,,,,,,,,,,,,,,,,2.26961403309639,2.34085678117268,0
2003.0,0.5198983625,1.89993939991826,,166.352843,,,154.4077574,,,,73.97838625,27.133203525,10.334375395,18.73378946,35.12002734,PYG,wheat,,,,,,,,,,,,,152.5834456,156.2320692,,,,,,,,,,,1679.355931,,,,,,,,,,,,,,,,,,,,,2.10732728873658,2.26961403309639,0
2004.0,0.554467052,2.52290288369274,,156.8509821,,,156.19675565,264.0317305,264.0317305,0.04428571,74.472374875,28.564843675,11.766016025,20.16542985,30.969372433333337,PYG,wheat,,,,,,,,,,,,,152.875759,159.5177523,,,,,,,,,,,1848.576534,,,,,,,,,,,,,,,,,,,,,1.89993939991826,2.10732728873658,1
2005.0,0.49022491249999994,1.79453392375029,,158.9751144,,,154.13482155,249.5260868,249.5260868,0.004239132,83.33072075000001,30.266015075,11.199609765000002,20.732812420000002,30.664595219999995,PYG,wheat,,,,,,,,,,,,,153.7181171,154.551526,,,,,,,,,,,1880.949871,,,,,,,,,,,,,,,,,,,,,2.52290288369274,1.89993939991826,0
2006.0,0.55014029125,1.9768275826096,,160.832342,,,152.86786725,259.7854702,259.7854702,0.03506329,66.06408272499999,29.2308593,11.86367227,20.547265785,24.192968366666666,PYG,wheat,,,,,,,,,,,,,155.0893989,150.6463356,,,,,,,,,,,1870.777591,,,,,,,,,,,,,,,,,,,,,1.79453392375029,2.52290288369274,0
2007.0,0.5951844525,2.33545899380069,,159.5956979,,,152.0657176,253.4840337,253.4840337,-0.075802469,71.83034495,28.97695305,10.797266010000001,19.88710953,31.630679599999997,PYG,wheat,,,,,,,,,,,,,153.2830482,150.848387,,,,,,,,,,,1865.881877,,,,,,,,,,,,,,,,,,,,,1.9768275826096,1.79453392375029,1
2008.0,0.64027663325,2.23369849421419,,158.8034132,,,145.89446750000002,254.9299068,254.9299068,0.045208333,82.582907725,29.191797275,12.19765665,20.6947269625,45.5556517,PYG,wheat,,,,,,,,,,,,,152.4298568,139.3590782,,,,,,,,,,,1865.928456,,,,,,,,,,,,,,,,,,,,,2.33545899380069,1.9768275826096,1
2009.0,0.583339028,2.49374695907592,,163.0883314,,,145.00650510000003,268.1067567,268.1067567,0.03486487,86.181742575,27.43984415,11.392969025,19.4164065875,20.159573549999998,PYG,wheat,,,,,,,,,,,,,151.4580457,138.5549645,,,,,,,,,,,1870.970033,,,,,,,,,,,,,,,,,,,,,2.23369849421419,2.33545899380069,1
2010.0,0.577278994,2.13934426229508,,163.5192162,,,144.73760794999998,261.8589042,261.8589042,0.044117647,79.74404444999999,29.1449218,11.53554715,20.340234475,28.482752466666668,PYG,wheat,,,,,,,,,,,,,153.0577542,136.4174617,,,,,,,,,,,1874.954129,,,,,,,,,,,,,,,,,,,,,2.49374695907592,2.23369849421419,0
2011.0,0.65387222925,2.46528536286531,,163.7648732,,,143.78737195000002,261.4480393,261.4480393,0.033090909,83.223004575,27.29921915,11.244531640000002,19.271875395000002,37.1653204,PYG,wheat,,,,,,,,,,,,,152.1956466,135.3790973,,,,,,,,,,,1882.435754,,,,,,,,,,,,,,,,,,,,,2.13934426229508,2.49374695907592,1
2012.0,0.6367881,2.64391184878848,,162.2534144,,,140.99139685,251.6744685,251.6744685,-0.030185182,93.496998075,27.27578165,10.672265895,18.9740237725,30.563930525,PYG,wheat,,,,,,,,,,,,,153.3582515,128.6245422,,,,,,,,,,,1879.275909,,,,,,,,,,,,,,,,,,,,,2.46528536286531,2.13934426229508,2
2013.0,0.6804712117499999,2.4920895698505,,161.3275588,,,139.48027055,267.4184784,267.4184784,0.122558138,80.7795562,26.1781254,11.35195352,18.76503946,30.3311116,PYG,wheat,,,,,,,,,,,,,150.2801375,128.6804036,,,,,,,,,,,1873.978628,,,,,,,,,,,,,,,,,,,,,2.64391184878848,2.46528536286531,1
2014.0,0.6012085975,2.43614664608411,,156.5396615,,,143.40060640000002,268.9817068,268.9817068,0.029999995,87.927576175,25.867578525,10.957422265000002,18.412500395000002,27.963450250000005,PYG,wheat,,,,,,,,,,,,,152.8916494,133.9095634,,,,,,,,,,,1692.426384,,,,,,,,,,,,,,,,,,,,,2.4920895698505,2.64391184878848,1
2015.0,0.67060975,1.36374250907352,,151.856773,,,146.9199833,264.2848099,264.2848099,0.130606059,76.72911270000002,29.9886718,12.896875394999999,21.4427735975,29.145523700000002,PYG,wheat,,,,,,,,,,,,,155.003577,138.8363896,,,,,,,,,,,1887.456164,,,,,,,,,,,,,,,,,,,,,2.43614664608411,2.4920895698505,0
2016.0,0.6571698265,1.91200149864398,,160.3277548,,,140.4527991,255.2253339,255.2253339,0.01868421,97.46425752500001,27.8265629,11.570703525,19.6986332125,19.316581239999998,PYG,wheat,,,,,,,,,,,,,153.950532,126.9550662,,,,,,,,,,,1894.496382,,,,,,,,,,,,,,,,,,,,,1.36374250907352,2.43614664608411,0
2017.0,0.62555447225,2.99826718486943,,156.3575075,,,143.00784149999998,268.3164561,268.3164561,0.150000001,94.38813765,28.832422275,11.275781525,20.0541019,38.5684891,PYG,wheat,,,,,,,,,,,,,159.0008881,127.0147949,,,,,,,,,,,1706.50825,,,,,,,,,,,,,,,,,,,,,1.91200149864398,1.36374250907352,2
2018.0,0.64573800575,3.76143764420447,,154.1649795,,,135.6981344,246.6822788,246.6822788,-0.055142856,87.60046824999999,27.82851555,11.318750390000002,19.57363297,23.891687020000003,PYG,wheat,,,,,,,,,,,,,153.1738021,118.2224667,,,,,,,,,,,1896.674243,,,,,,,,,,,,,,,,,,,,,2.99826718486943,1.91200149864398,2
2019.0,0.719467029,3.55316675523838,,150.2777847,,,138.297388,274.0780482,274.0780482,0.085789471,77.66830089999999,26.271874925,11.81093789,19.0414064075,49.10425378,PYG,wheat,,,,,,,,,,,,,150.898343,125.696433,,,,,,,,,,,1887.624054,,,,,,,,,,,,,,,,,,,,,3.76143764420447,2.99826718486943,2
2020.0,0.719467029,2.81500042711922,,153.5816817,,,138.94213574999998,267.1435909,267.1435909,0.093055556,74.878447575,27.980859775,11.584375395,19.782617585,28.35903545,PYG,wheat,,,,,,,,,,,,,155.6142291,122.2700424,,,,,,,,,,,1901.997474,,,,,,,,,,,,,,,,,,,,,3.55316675523838,3.76143764420447,2
2000.0,0.38128294775,0.82,,,,,,,,,29.254666125,,,,,SNB,maize,,,,,,,179.423954,,,,,,,,270.4549715,,5.043087505,106.368953725,43.725337975,,,,,,,,,,,,,,,,,,,,,,,,,,,,,0
2001.0,0.3488425575,0.79,,,,,,,,,28.970002074999996,,,,,SNB,maize,,,,,,,174.15000925,,,,,,,,274.555786,,5.54041224,110.225273125,30.03589614166667,,,,,,,,,,,,,,,,,,,,,,,,,,,0.82,,0
2002.0,0.48997117549999997,0.52,,,,,,,,,34.90827265,,,,,SNB,maize,1861.36458,1867.88384,1864.62421,,,,194.34869349999997,,,,,,,,269.93352500000003,288.59375,5.946947155,107.44593635,32.167098525,,,,,,,,,,,,,,,,,,,,,,,,,,,0.79,0.82,0
2003.0,0.4035352615,0.72,,,,,,,,,29.210752275,34.84999945,25.125391025,29.9876952375,,SNB,maize,1847.62757,1805.83447,1826.7310200000002,,,,174.78575525,,,,,,,,276.2248915,293.46875,5.8840314825,110.37371445,42.50206146000001,,,,,,,,,,,,,,,,,,,,,,,,,,,0.52,0.79,0
2004.0,0.4309839605,1.14,,,,,,,,,32.4885302,34.224998975,24.461328525,29.34316375,,SNB,maize,1862.41232,1829.46678,1845.93955,,,,187.71254349999998,,,,,,,,273.89123524999997,292.734375,6.7637916375,105.01343912499999,50.22916106,,,,,,,,,,,,,,,,,,,,,,,,,,,0.72,0.52,1
2005.0,0.3951470775,0.59,,,,,,,,,31.74785755,35.766015075,24.531641025,30.14882805,,SNB,maize,1811.30599,1880.34028,1845.823135,,,,189.865547,,,,,,,,270.16818250000006,284.4609375,6.9200227775,105.06372640000001,47.62814864,,,,,,,,,,,,,,,,,,,,,,,,,,,1.14,0.72,0
2006.0,0.3402327525,0.74,,,,,,,,,25.157654975,31.8949218,23.953516025,27.9242189125,,SNB,maize,1839.36208,1849.60663,1844.484355,,,,185.3611565,,,,,,,,275.391075,297.5859375,6.07541284,106.67751312499999,30.92900403333333,,,,,,,,,,,,,,,,,,,,,,,,,,,0.59,1.14,0
2007.0,0.41875889925,0.62,,,,,,,,,25.050466425,34.0882807,24.871484775,29.4798827375,,SNB,maize,1853.68117,1885.34614,1869.5136550000002,,,,181.81490725,,,,,,,,270.61103049999997,282.0078125,8.1925075725,106.9777182,33.1685837,,,,,,,,,,,,,,,,,,,,,,,,,,,0.74,0.59,0
2008.0,0.4457590505,0.79,,,,,,,,,36.52826805,30.867577575,23.57265665,27.2201171125,,SNB,maize,1854.26325,1857.87212,1856.067685,,,,172.10559074999998,,,,,,,,272.00134275,287.78125,9.7517689425,109.04458810000001,82.40131513333334,,,,,,,,,,,,,,,,,,,,,,,,,,,0.62,0.74,0
2009.0,0.475008279,0.58,,,,,,,,,31.25770885,36.687889125,24.70546915,30.6966791375,,SNB,maize,1890.93407,1850.07229,1870.5031800000002,,,,201.44989375,,,,,,,,273.31288925,293.0390625,8.710329017500001,112.5641079,38.42115943333334,,,,,,,,,,,,,,,,,,,,,,,,,,,0.79,0.62,0
2010.0,0.44171009975000003,0.68,,,,,,,,,27.870717499999998,36.346092725,25.531641025,30.938866875,,SNB,maize,,1887.79086,1887.79086,,,,186.21803275,,,,,,,,272.99391149999997,293.078125,7.420900005,109.012765775,58.51093926666667,,,,,,,,,,,,,,,,,,,,,,,,,,,0.58,0.79,0
2011.0,0.4049884975,0.92,,,,,,,,,29.0559228,32.449608825,22.719141025,27.584374925,,SNB,maize,1897.91899,1829.11754,1863.518265,,,,180.65787525,,,,,,,,270.08653250000003,283.96875,10.1565846875,114.16617575,34.132886612,,,,,,,,,,,,,,,,,,,,,,,,,,,0.68,0.58,0
2012.0,0.4703541695,0.87,,,,,,,,,33.985565225,34.572656175,23.949609775,29.261132975,,SNB,maize,1882.90142,1887.3252,1885.11331,,,,196.61897275,,,,,,,,273.63350675000004,290.3046875,8.211727852500001,106.58688162500002,80.39005374999999,,,,,,,,,,,,,,,,,,,,,,,,,,,0.92,0.68,0
2013.0,0.3955065605,1.0,,,,,,,,,24.773960549999998,32.426171325,23.5296879,27.9779296125,,SNB,maize,1877.66273,1900.48013,1889.07143,,,,197.52439875,,,,,,,,275.20236975,293.703125,7.07551917,108.86858174999999,46.321627819999996,,,,,,,,,,,,,,,,,,,,,,,,,,,0.87,0.92,0
2014.0,0.47302981475,1.16,,,,,,,,,34.6915769,35.61562445,24.68984415,30.1527343,,SNB,maize,1859.61835,1883.83274,1871.725545,,,,196.16801074999998,,,,,,,,274.746361,289.5390625,8.373361002500001,104.359806175,35.40323754,,,,,,,,,,,,,,,,,,,,,,,,,,,1.0,0.87,1
2015.0,0.43930640075,1.05,,,,,,,,,34.456396999999996,35.117577575,24.56484415,29.8412108625,,SNB,maize,1871.3763,1868.1166699999999,1869.746485,,,,200.89193724999998,,,,,,,,281.02705399999996,298.3984375,9.1819516425,105.9049054,34.330451933333336,,,,,,,,,,,,,,,,,,,,,,,,,,,1.16,1.0,1
2016.0,0.39102400825,0.83,,,,,,,,,27.660301925,34.131249925,23.933984775,29.03261735,,SNB,maize,,,,,,,176.6128385,,,,,,,,270.305008,278.4296875,9.403882665,110.43979635,43.262652875,,,,,,,,,,,,,,,,,,,,,,,,,,,1.05,1.16,0
2017.0,0.4500183165,0.91,,,,,,,,,35.587373425,33.506249925,24.324609775,28.91542985,,SNB,maize,,1920.38715,1920.38715,,,,179.60582749999998,,,,,,,,272.16605400000003,284.421875,9.1430070075,108.35698525,33.2847309,,,,,,,,,,,,,,,,,,,,,,,,,,,0.83,1.05,0
2018.0,0.41505999125000004,0.93,,,,,,,,,34.83326195,33.5980468,23.144922275,28.3714845375,,SNB,maize,1877.6627250000001,1899.7816400000002,1888.7221825000001,,,,187.13119525,,,,,,,,275.73755624999995,287.9609375,9.24841149,107.78626444999999,38.51303005,,,,,,,,,,,,,,,,,,,,,,,,,,,0.91,0.83,0
2019.0,0.38403318075,1.11,,,,,,,,,28.46817085,35.29531195,25.043359775,30.1693358625,,SNB,maize,1893.14596,1880.45669,1886.801325,,,,183.59156025000001,,,,,,,,270.58011625,283.640625,7.9446567125000005,111.13152677500001,50.64783476666667,,,,,,,,,,,,,,,,,,,,,,,,,,,0.93,0.91,1
2020.0,0.39790155374999997,1.32,,,,,,,,,28.032456325,32.371483825,23.828516025,28.099999925,,SNB,maize,,1887.3252,1887.3252,,,,169.57965475,,,,,,,,268.000145,262.3359375,10.3292455625,106.111778,35.92210865,,,,,,,,,,,,,,,,,,,,,,,,,,,1.11,0.93,1
2000.0,0.3266624955,2.05,,,,,,,,,27.297989599999998,,,,,SNB,rice,,,,,,,177.55613325000002,,,,,,,,,,5.043087505,113.52685932499999,,266.623978,,,,30.03589614166667,,,,,,,,,,,,,,,,,,,,,,,,1
2001.0,0.33474073925000003,1.46,,,,,,,,,30.046109074999997,,,,,SNB,rice,,,,,,,171.114914,,,,,,,,,,5.54041224,120.78232012500001,,270.05123125,,,,32.167098525,,,,,,,,,,,,,,,,,,,,,,2.05,,0
2002.0,0.439386308,2.03,,,,,,,,,33.779408025,,,,,SNB,rice,1861.36458,1867.88384,1864.62421,,,,183.20874750000002,,,,,,,,,,5.946947155,117.2308827,,265.994011,284.0,31.03164055,27.2328126625,42.50206146000001,,,,,,,,,,,,,,,,,,,,,,1.46,2.05,1
2003.0,0.31840363875,1.43,,,,,,,,,25.3744004,,,,,SNB,rice,1847.62757,1805.83447,1826.7310200000002,,,,166.13162999999997,,,,,,,,,,5.8840314825,122.35390100000001,,269.42271425,282.6015625,33.123436475,28.110741875,50.22916106,,,,,,,,,,,,,,,,,,,,,,2.03,1.46,0
2004.0,0.408618614,1.9,,,,,,,,,32.255881699999996,,,,,SNB,rice,1862.41232,1829.46678,1845.93955,,,,179.87601475000002,,,,,,,,,,6.7637916375,114.903518625,,270.67640674999996,289.828125,31.877343675,27.47011735,47.62814864,,,,,,,,,,,,,,,,,,,,,,1.43,2.03,1
2005.0,0.36037080725,0.5,,,,,,,,,29.3974671,,,,,SNB,rice,1811.30599,1880.34028,1845.823135,,,,177.93609600000002,,,,,,,,,,6.9200227775,117.384441475,,264.63990025,280.5703125,30.514062425,26.6380861,30.92900403333333,,,,,,,,,,,,,,,,,,,,,,1.9,1.43,0
2006.0,0.32502924675,1.01,,,,,,,,,24.0592312,,,,,SNB,rice,1839.36208,1849.60663,1844.484355,,,,181.82962425,,,,,,,,,,6.07541284,115.31846805,,271.962082,295.1875,31.73281195,27.4798827375,33.1685837,,,,,,,,,,,,,,,,,,,,,,0.5,1.9,0
2007.0,0.40417347875,1.47,,,,,,,,,27.468850924999998,,,,,SNB,rice,1853.68117,1885.34614,1869.5136550000002,,,,173.87140675,,,,,,,,,,8.1925075725,120.2882192,,265.62410750000004,276.234375,31.12343695,27.0121093,82.40131513333334,,,,,,,,,,,,,,,,,,,,,,1.01,0.5,0
2008.0,0.42267910399999997,1.03,,,,,,,,,34.55063445,,,,,SNB,rice,1854.26325,1857.87212,1856.067685,,,,177.01921075,,,,,,,,,,9.7517689425,119.63660610000001,,269.0301895,286.03125,32.357811,27.4798822625,38.42115943333334,,,,,,,,,,,,,,,,,,,,,,1.47,1.01,0
2009.0,0.405309625,1.38,,,,,,,,,31.55241815,,,,,SNB,rice,1890.93407,1850.07229,1870.5031800000002,,,,186.83703975,,,,,,,,,,8.710329017500001,121.34525865,,267.93606575,285.1640625,32.8675771,28.321679375,58.51093926666667,,,,,,,,,,,,,,,,,,,,,,1.03,1.47,0
2010.0,0.37877582025,1.24,,,,,,,,,24.838268300000003,,,,,SNB,rice,,1887.79086,1887.79086,,,,172.4137345,,,,,,,,,,7.420900005,120.99697674999999,,268.009262,286.3515625,31.176171325,26.736718675,34.132886612,,,,,,,,,,,,,,,,,,,,,,1.38,1.03,0
2011.0,0.409032069,1.53,,,,,,,,,31.349672325,,,,,SNB,rice,1897.91899,1829.11754,1863.518265,,,,173.47107325,,,,,,,,,,10.1565846875,124.07732000000001,,267.477478,281.53125,31.271874925,26.6878907875,80.39005374999999,,,,,,,,,,,,,,,,,,,,,,1.24,1.38,0
2012.0,0.38806620975,2.04,,,,,,,,,30.770655625,,,,,SNB,rice,1882.90142,1887.3252,1885.11331,,,,187.36964425,,,,,,,,,,8.211727852500001,114.27588850000001,,268.68206775000004,284.4765625,30.0746093,26.1976564125,46.321627819999996,,,,,,,,,,,,,,,,,,,,,,1.53,1.24,1
2013.0,0.33782173674999993,2.08,,,,,,,,,23.1351253,,,,,SNB,rice,1877.66273,1900.48013,1889.07143,,,,187.448803,,,,,,,,,,7.07551917,115.4449655,,271.25685899999996,290.171875,32.16249945,27.73476555,35.40323754,,,,,,,,,,,,,,,,,,,,,,2.04,1.53,1
2014.0,0.43111313875,2.16,,,,,,,,,33.492118500000004,,,,,SNB,rice,1859.61835,1883.83274,1871.725545,,,,181.18489449999998,,,,,,,,,,8.373361002500001,112.41369449999999,,271.28651449999995,286.0390625,33.2835932,28.0589843,34.330451933333336,,,,,,,,,,,,,,,,,,,,,,2.08,2.04,1
2015.0,0.44239930075,1.78,,,,,,,,,35.980757675,,,,,SNB,rice,1871.3763,1868.1166699999999,1869.746485,,,,188.8446885,,,,,,,,,,9.1819516425,113.852016475,,277.1205065,295.6640625,31.1292968,26.6898439125,43.262652875,,,,,,,,,,,,,,,,,,,,,,2.16,2.08,0
2016.0,0.36381921175,1.49,,,,,,,,,28.681556975,,,,,SNB,rice,,,,,,,167.04252225,,,,,,,,,,9.403882665,119.03629857499999,,266.60154725,277.8203125,30.627343675,26.7875001625,33.2847309,,,,,,,,,,,,,,,,,,,,,,1.78,2.16,0
2017.0,0.4130238815,2.6,,,,,,,,,33.645719424999996,,,,,SNB,rice,,1920.38715,1920.38715,,,,167.60565975,,,,,,,,,,9.1430070075,116.9831925,,267.89479075,282.1875,31.299218675,26.3285157875,38.51303005,,,,,,,,,,,,,,,,,,,,,,1.49,1.78,2
2018.0,0.33755160125,2.72,,,,,,,,,32.12273315,,,,,SNB,rice,1891.050485,1899.7816400000002,1895.4160625,,,,181.266571,,,,,,,,,,9.24841149,118.34103019999999,,270.48440524999995,282.1875,30.666406175,26.9847657875,50.64783476666667,,,,,,,,,,,,,,,,,,,,,,2.6,1.49,2
2019.0,0.387502767,2.88,,,,,,,,,31.877547,,,,,SNB,rice,1893.14596,1880.45669,1886.801325,,,,165.89556125000001,,,,,,,,,,7.9446567125000005,119.922061775,,266.99500275,281.5,32.2289057,28.00820305,35.92210865,,,,,,,,,,,,,,,,,,,,,,2.72,2.6,2
2020.0,0.40140535325,2.91,,,,,,,,,32.094070025,,,,,SNB,rice,,1887.3252,1887.3252,,,,167.623043,,,,,,,,,,10.3292455625,113.55644975,,263.4256745,262.609375,,,,,,,,,,,,,,,,,,,,,,,,,2.88,2.72,2
2000.0,0.34561334575,1.36412120388613,,,,,,,,,58.903449725,,,,43.725337975,SNB,wheat,,,,,,,,,,,,,,,,,,,,,,,,,,,,,,,,,,,,,,,,,,,,,,,,0
2001.0,0.41645746675,1.2094331970122,,,,,,,,,56.6490754,,,,30.03589614166667,SNB,wheat,,,,,,,,,,,,,,,,,,,,,,,,,,,,,,,,,,,,,,,,,,,,,,1.36412120388613,,0
2002.0,0.3691903725,1.62981193785773,,1860.82907,,,157.76614807857143,,,,56.87592682499999,,,,32.167098525,SNB,wheat,,1806.46536741935,,,,,,,,,,,150.72458025714286,164.8077159,,,,,,,,,,,,,,,,,,,,,,,,,,,,,,,,1.2094331970122,1.36412120388613,0
2003.0,0.36703832449999996,1.66849267491791,,1852.982678,,,154.27241761060606,,,,53.0133776,28.771874925,11.5453129,20.1585939125,42.50206146000001,SNB,wheat,,1810.927641875,,,,,,,,,,,151.14236512121212,157.4024701,,,,,,,,,,,,,,,,,,,,,,,,,,,,,,,,1.62981193785773,1.2094331970122,0
2004.0,0.44162138549999996,1.43706181818182,,1846.474002,,,156.3291790857143,260.324039298077,260.236538519231,0.138472222318056,58.030236050000006,29.949609775,12.902734775,21.426172275,50.22916106,SNB,wheat,,1801.15124971429,,,,,,,,,,,154.02079697142858,158.6375612,,,,,,,,,,,,,,,,,,,,,,,,,,,,,,,,1.66849267491791,1.62981193785773,0
2005.0,0.364620969,1.02394818274424,,1872.936264,,,153.65282623000002,247.728070307018,248.043478521739,0.18736263933956,64.35303224999998,32.293358825,12.414453525,22.353906175,47.62814864,SNB,wheat,,1799.31521444444,,,,,,,,,,,151.62397176000002,155.6816807,,,,,,,,,,,,,,,,,,,,,,,,,,,,,,,,1.43706181818182,1.66849267491791,0
2006.0,0.44187247,1.01623272727273,,1869.681808,,,153.66240406000003,256.594017222222,256.684615692308,0.196179772783146,53.450344900000005,30.3656254,12.906641019999999,21.636133209999997,30.92900403333333,SNB,wheat,,1812.21575666667,,,,,,,,,,,155.29803932000002,152.0267688,,,,,,,,,,,,,,,,,,,,,,,,,,,,,,,,1.02394818274424,1.43706181818182,0
2007.0,0.49782159175,1.29446192815474,,1874.864101,,,150.51077578378377,249.636440601695,249.814285915966,0.137236843292105,58.09501175,29.0609379,12.20546915,20.633203525,33.1685837,SNB,wheat,,1813.5265062963,,,,,,,,,,,155.32635656756753,145.695195,,,,,,,,,,,,,,,,,,,,,,,,,,,,,,,,1.01623272727273,1.02394818274424,0
2008.0,0.50648500775,1.59023115396747,,1867.49783,,,145.81508198928572,251.281554126214,252.080373327103,0.0332203358220339,66.14784245,32.168358825,13.34609415,22.7572264875,82.40131513333334,SNB,wheat,,1836.64572791667,,,,,,,,,,,152.98636367857145,138.6438003,,,,,,,,,,,,,,,,,,,,,,,,,,,,,,,,1.29446192815474,1.01623272727273,0
2009.0,0.44365812075,1.50559063542344,,1857.323305,,,142.86916294999997,265.738355671233,265.790667506667,0.197708333677083,63.450099349999995,29.760156175,12.473047269999999,21.1166017225,38.42115943333334,SNB,wheat,,1817.40948190476,,,,,,,,,,,151.14475149999996,134.5935744,,,,,,,,,,,,,,,,,,,,,,,,,,,,,,,,1.59023115396747,1.29446192815474,0
2010.0,0.43689247225,1.90369011500741,,1865.497324,,,145.68873807083332,259.764286142857,259.912329876712,-0.0477551045102041,60.293216225,30.875390075,12.379297269999999,21.627343672499997,58.51093926666667,SNB,wheat,,1826.7670547619,,,,,,,,,,,153.51785504166668,137.8596211,,,,,,,,,,,,,,,,,,,,,,,,,,,,,,,,1.50559063542344,1.59023115396747,0
2011.0,0.510667704,1.72306722065588,,1868.407708,,,143.27202126,259.191489202128,259.342573871287,0.0636000011,64.30972299999999,28.863672275,12.43203165,20.6478519625,34.132886612,SNB,wheat,,1836.83421035714,,,,,,,,,,,152.65308312,133.8909594,,,,,,,,,,,,,,,,,,,,,,,,,,,,,,,,1.90369011500741,1.50559063542344,0
2012.0,0.46654281750000004,1.88801557671353,,1879.122395,,,141.26100073333333,248.302197802198,248.08105291579,0.0703174618701587,69.60962119999999,28.70546915,11.78945352,20.247461335,80.39005374999999,SNB,wheat,,1848.25782137931,,,,,,,,,,,155.42221576666668,127.0997857,,,,,,,,,,,,,,,,,,,,,,,,,,,,,,,,1.72306722065588,1.90369011500741,0
2013.0,0.5303042084999999,2.13936983452227,,1865.603468,,,140.0037666741935,262.456178325843,262.289129847826,0.00113207538679248,63.747578725,28.035547275,12.055078525,20.0453129,46.321627819999996,SNB,wheat,,1840.66593666667,,,,,,,,,,,149.72888054838705,130.2786528,,,,,,,,,,,,,,,,,,,,,,,,,,,,,,,,1.88801557671353,1.72306722065588,0
2014.0,0.48490641275,2.34883238552884,,1877.856751,,,141.65961202297294,265.455696012658,265.750000548781,0.077749997938,77.134069075,29.39101555,11.713281640000002,20.552148595,35.40323754,SNB,wheat,,1843.4366209375,,,,,,,,,,,151.86850694594588,131.4507171,,,,,,,,,,,,,,,,,,,,,,,,,,,,,,,,2.13936983452227,1.88801557671353,1
2015.0,0.57408229275,2.03528353146793,,1875.9553,,,147.25754453484848,261.8749998125,262.041976345679,-0.0479999974794286,62.627974025,31.164452575,13.621484774999999,22.392968675,34.330451933333336,SNB,wheat,,1847.2492228125,,,,,,,,,,,154.57838096969695,139.9367081,,,,,,,,,,,,,,,,,,,,,,,,,,,,,,,,2.34883238552884,2.13936983452227,0
2016.0,0.535452023,1.5902060971846,,1880.536346,,,141.3349390551724,251.069332493333,251.396054289474,0.201904762078571,81.92502640000001,29.416406175,12.758203525,21.08730485,43.262652875,SNB,wheat,,1860.3459459375,,,,,,,,,,,153.17446331034483,129.4954148,,,,,,,,,,,,,,,,,,,,,,,,,,,,,,,,2.03528353146793,2.34883238552884,0
2017.0,0.4579881355,2.40764479040206,,1886.778551,,,141.17311034827588,265.6399992,266.000001139241,0.00391304169391304,67.3967029,30.662499925,12.471094145,21.566797035,33.2847309,SNB,wheat,,1862.470525625,,,,,,,,,,,154.7561058965518,127.5901148,,,,,,,,,,,,,,,,,,,,,,,,,,,,,,,,1.5902060971846,2.03528353146793,1
2018.0,0.5317769944999999,2.35696650329808,,1878.812908,,,135.00762763225808,243.305263315789,243.546153346154,0.127209301795814,67.187991925,29.580468675,12.084375390000002,20.8324220325,38.51303005,SNB,wheat,,1868.39365827586,,,,,,,,,,,151.18970506451618,118.8255502,,,,,,,,,,,,,,,,,,,,,,,,,,,,,,,,2.40764479040206,1.5902060971846,1
2019.0,0.58870242525,2.7039886826306,,1869.526588,,,138.65004081129032,269.237036259259,268.951219512195,0.0883333325,63.57442732500001,27.332422275,12.492578524999999,19.9125004,50.64783476666667,SNB,wheat,,1869.82181117647,,,,,,,,,,,151.86942032258065,125.4306613,,,,,,,,,,,,,,,,,,,,,,,,,,,,,,,,2.35696650329808,2.40764479040206,2
2020.0,0.471875906,2.38637455877235,,1880.340279,,,139.18863513076923,263.979220506494,264.017948641026,0.135476190719524,63.17437765,29.78945305,12.340234775,21.0648439125,35.92210865,SNB,wheat,,1884.79933757576,,,,,,,,,,,152.10109546153848,126.2761748,,,,,,,,,,,,,,,,,,,,,,,,,,,,,,,,2.7039886826306,2.35696650329808,1
2000.0,0.41074674575000003,1.1443020903573837,,,,,,,,,31.424999999999997,,,,38.61259365,VNS,maize,,,,,,,179.423954,9.98284878,117.31151200000001,271.02511575000005,,,,,,,,,,,,,,,,,,,,,,,,,,,,,,,,,,,,,,1
2001.0,0.38466909525,1.4017223910840932,,,,,,,,,31.025,,,,34.4642148,VNS,maize,,,,,,,174.15000925,12.51595713,120.635499725,274.98933425,,,,,,,,,,,,,,,,,,,,,,,,,,,,,,,,,,,,1.1443020903573837,,1
2002.0,0.5288897155,1.5990338164251208,,,,,,,,,38.050000000000004,,,,34.4642148,VNS,maize,1849.7812549999999,1887.383405,1868.58233,,,,194.34869349999997,11.0776205,116.298118575,270.9199675,,,,,,,,,,,,,,,,,,,,,,,,,,,,,,,,,,,,1.4017223910840932,1.1443020903573837,2
2003.0,0.45900769525,1.4931277237680187,,,,,,,,,31.674999999999997,34.6273432,25.726953525,30.1771483625,39.713649000000004,VNS,maize,1853.914,1843.02917,1848.471585,291.56057,273.10366075,282.332115375,174.78575525,11.858623,123.792880975,276.03406524999997,,,,,,,,,,,,,,,,,,,,,,,,,,,,,,,,,,,,1.5990338164251208,1.4017223910840932,2
2004.0,0.47417744250000005,1.8508713136729222,,,,,,,,,35.7,34.123436475,25.031641025,29.57753875,44.578769699999995,VNS,maize,1835.345755,1822.94752,1829.1466375,293.16445150000004,275.83308400000004,284.49876775000007,187.71254349999998,10.121972132500002,114.44081299999999,274.52568799999995,,,,,,,,,,,,,,,,,,,,,,,,,,,,,,,,,,,,1.4931277237680187,1.5990338164251208,2
2005.0,0.44095844024999997,1.688055281342547,,,,,,,,,34.275,35.91054585,24.19765665,30.05410125,38.45406152,VNS,maize,1846.347,1885.92821,1866.137605,284.1335525,269.1407395,276.63714600000003,189.865547,11.566987795,115.48906507500001,270.53199,,,,,,,,,,,,,,,,,,,,,,,,,,,,,,,,,,,,1.8508713136729222,1.4931277237680187,2
2006.0,0.365663402,1.4610740387670798,,,,,,,,,27.15,34.7445307,25.14296915,29.943749925,38.3866806,VNS,maize,1847.0455,1844.95002,1845.99776,297.42472075,278.77254474999995,288.09863275,185.3611565,10.1659962625,116.92052275,276.146202,,,,,,,,,,,,,,,,,,,,,,,,,,,,,,,,,,,,1.688055281342547,1.8508713136729222,2
2007.0,0.456734866,1.320969871564038,,,,,,,,,27.7,35.451561475,25.051172275,30.251366875,51.86175345,VNS,maize,1847.51116,1856.82438,1852.16777,282.938431,270.1087645,276.52359775,181.81490725,12.846006899999999,118.04140465,270.695938,,,,,,,,,,,,,,,,,,,,,,,,,,,,,,,,,,,,1.4610740387670798,1.688055281342547,1
2008.0,0.47791441525,1.405226480836237,,,,,,,,,39.6,31.183983825,23.8812504,27.5326171125,46.20654296666667,VNS,maize,1857.05721,1846.46342,1851.760315,286.145134,269.51159674999997,277.828365375,172.10559074999998,15.094171049999998,121.075571,272.05547325,,,,,,,,,,,,,,,,,,,,,,,,,,,,,,,,,,,,1.320969871564038,1.4610740387670798,1
2009.0,0.49782451250000004,1.3211045364891518,,,,,,,,,33.824999999999996,37.371482875,25.6859379,31.5287103875,33.141238224999995,VNS,maize,1886.97595,1837.9651,1862.470525,291.32508874999996,275.9557955,283.640442125,201.44989375,13.007021247499999,124.38270575,273.44997375,,,,,,,,,,,,,,,,,,,,,,,,,,,,,,,,,,,,1.405226480836237,1.320969871564038,1
2010.0,0.47926267225,1.4618867924528303,,,,,,,,,30.400000000000002,36.77773335,25.8734379,31.325585625,41.29108176666667,VNS,maize,1887.26699,1863.692885,1875.4799375,291.58748625,275.76265724999996,283.67507175,186.21803275,13.028439250000002,123.21805,273.753311,,,,,,,,,,,,,,,,,,,,,,,,,,,,,,,,,,,,1.3211045364891518,1.405226480836237,2
2011.0,0.443779722,1.4699260212286909,,,,,,,,,32.35,32.5023432,24.906641025,28.7044921125,37.752295833333335,VNS,maize,1866.13761,1864.85704,1865.497325,281.980438,267.44187925000006,274.71115862500005,180.65787525,17.155839874999998,126.087637,269.78974900000003,,,,,,,,,,,,,,,,,,,,,,,,,,,,,,,,,,,,1.4618867924528303,1.3211045364891518,2
2012.0,0.51195248225,1.4579380139152436,,,,,,,,,36.975,35.73281195,25.1625004,30.447656175,72.084634725,VNS,maize,1885.346135,1878.011975,1881.679055,290.8461685,272.42966449999994,281.63791649999996,196.61897275,15.051789600000001,117.15312374999999,273.72309099999995,,,,,,,,,,,,,,,,,,,,,,,,,,,,,,,,,,,,1.4699260212286909,1.4618867924528303,1
2013.0,0.44116716825,1.7805555555555554,,,,,,,,,27.9,32.4242182,24.848047275,28.6361327375,44.69265873333333,VNS,maize,1869.16441,1869.28082,1869.2226150000001,292.31994625,273.61470024999994,282.96732324999994,197.52439875,13.284238825000001,121.2450335,275.26235975,,,,,,,,,,,,,,,,,,,,,,,,,,,,,,,,,,,,1.4579380139152436,1.4699260212286909,2
2014.0,0.499884531,1.6868547832071576,,,,,,,,,36.95,36.34609225,23.808984775,30.0775385125,33.67700957142857,VNS,maize,1867.88384,1842.56351,1855.223675,290.325119,273.56718424999997,281.94615162499997,196.16801074999998,14.150009825,113.82241599999999,274.77004250000005,,,,,,,,,,,,,,,,,,,,,,,,,,,,,,,,,,,,1.7805555555555554,1.4579380139152436,2
2015.0,0.46861051774999996,1.59297742744536,,,,,,,,,36.300000000000004,35.996482875,25.40859415,30.7025385125,35.3942947,VNS,maize,1859.618355,1880.45669,1870.0375225,298.82713325,279.6194685,289.22330087499995,200.89193724999998,12.52515445,114.97293875,281.67274499999996,,,,,,,,,,,,,,,,,,,,,,,,,,,,,,,,,,,,1.6868547832071576,1.7805555555555554,2
2016.0,0.44650777425,1.536108146567058,,,,,,,,,30.925000000000004,33.891015075,25.144922275,29.517968675,48.793515533333334,VNS,maize,1914.56638,1870.79422,1892.6803,280.39685049999997,262.5479355,271.472393,176.6128385,15.650563950000002,124.62750225,270.45656575,,,,,,,,,,,,,,,,,,,,,,,,,,,,,,,,,,,,1.59297742744536,1.6868547832071576,2
2017.0,0.47665985675,1.7529290144727774,,,,,,,,,39.65,34.066796325,25.187891025,29.627343675,43.8049898,VNS,maize,1878.12839,1895.24144,1886.684915,280.906334,265.13363625,273.019985125,179.60582749999998,15.160327225000001,118.52998925,272.28251650000004,,,,,,,,,,,,,,,,,,,,,,,,,,,,,,,,,,,,1.536108146567058,1.59297742744536,2
2018.0,0.45260901750000004,1.774060020696792,,,,,,,,,39.025000000000006,34.363671325,24.707422275,29.5355468,31.893091833333333,VNS,maize,1896.056345,1905.71882,1900.8875825,286.66571799999997,271.46625525,279.065986625,187.13119525,13.714877225,118.74948125,275.35903125000004,,,,,,,,,,,,,,,,,,,,,,,,,,,,,,,,,,,,1.7529290144727774,1.536108146567058,2
2019.0,0.43041328324999995,1.6640677966101696,,,,,,,,,32.4,36.068748975,25.863672275,30.966210625,45.20805265,VNS,maize,1879.05971,1891.05049,1885.0551,283.12438199999997,268.27028675,275.69733437499997,183.59156025000001,15.496276475,125.0704005,271.167526,,,,,,,,,,,,,,,,,,,,,,,,,,,,,,,,,,,,1.774060020696792,1.7529290144727774,2
2020.0,0.44272287925000003,1.682977979727368,,,,,,,,,31.4,32.969139125,25.7093754,29.3392572625,53.634994500000005,VNS,maize,1909.67694,1890.46841,1900.072675,266.41966275,251.60609424999998,259.0128785,169.57965475,17.6242967,117.92631525,267.766113,,,,,,,,,,,,,,,,,,,,,,,,,,,,,,,,,,,,1.6640677966101696,1.774060020696792,2
2000.0,0.3656703605,2.71905018672738,,,,,,,,,31.025,,,,38.61259365,VNS,rice,,,,,,,177.55613325000002,9.98284878,,,126.64237,266.7583845,,,,,,,,,,,,,,,,,,,,,,,,,,,,,,,,,,,,2
2001.0,0.37921037524999995,2.40475146490214,,,,,,,,,33.025,,,,34.4642148,VNS,rice,,,,,,,171.114914,12.51595713,,,134.1422785,270.5832903,,,,,,,,,,,,,,,,,,,,,,,,,,,,,,,,,,2.71905018672738,,2
2002.0,0.48472971449999996,2.50481585284017,,,,,,,,,37.45,,,,34.4642148,VNS,rice,1849.7812549999999,1887.383405,1868.58233,,,,183.20874750000002,11.0776205,,,127.48866832499999,267.2128065,,,,,,,,,,,,,,,,,,,,,,,,,,,,,,,,,,2.40475146490214,2.71905018672738,2
2003.0,0.35604801774999995,1.79835424145859,,,,,,,,,27.725,31.807031175,24.660547275,28.233789225,39.713649000000004,VNS,rice,1853.914,1843.02917,1848.471585,280.9576645,265.011696,,166.13162999999997,11.858623,,,136.98896775,269.8102798,,,,,,,,,,,,,,,,,,,,,,,,,,,,,,,,,,2.50481585284017,2.40475146490214,0
2004.0,0.45555800949999997,2.6703728840626,,,,,,,,,36.05,33.846092725,24.0843754,28.9652340625,44.578769699999995,VNS,rice,1835.345755,1822.94752,1829.1466375,289.5912628,272.3050995,,179.87601475000002,10.121972132500002,,,127.6493815,271.1992338,,,,,,,,,,,,,,,,,,,,,,,,,,,,,,,,,,1.79835424145859,2.50481585284017,2
2005.0,0.41131610425000004,0.578552749856991,,,,,,,,,33.175,32.379296325,24.19765665,28.2884764875,38.45406152,VNS,rice,1846.347,1885.92821,1866.137605,280.6794588,263.9790725,,177.93609600000002,11.566987795,,,132.23362724999998,265.0052413,,,,,,,,,,,,,,,,,,,,,,,,,,,,,,,,,,2.6703728840626,1.79835424145859,0
2006.0,0.35041082674999996,1.52099474339758,,,,,,,,,26.125,32.59999945,24.06484415,28.3324218,38.3866806,VNS,rice,1847.0455,1844.95002,1845.99776,294.7127,276.0729065,,181.82962425,10.1659962625,,,127.38075075,272.3282928,,,,,,,,,,,,,,,,,,,,,,,,,,,,,,,,,,0.578552749856991,2.6703728840626,0
2007.0,0.4402463735,1.56900539707016,,,,,,,,,30.35,33.09023335,23.5687504,28.329491875,51.86175345,VNS,rice,1847.51116,1856.82438,1852.16777,278.8167193,265.0893708,,173.87140675,12.846006899999999,,,132.36796565,265.831581,,,,,,,,,,,,,,,,,,,,,,,,,,,,,,,,,,1.52099474339758,0.578552749856991,0
2008.0,0.46991718549999995,1.6959929286977,,,,,,,,,39.45,31.672265075,23.328516025,27.50039055,46.20654296666667,VNS,rice,1857.05721,1846.46342,1851.760315,285.5400545,268.6020203,,177.01921075,15.094171049999998,,,134.93316825,269.2553788,,,,,,,,,,,,,,,,,,,,,,,,,,,,,,,,,,1.56900539707016,1.52099474339758,0
2009.0,0.43030893075,2.14599922690375,,,,,,,,,33.95,33.898826625,23.879297275,28.88906195,33.141238224999995,VNS,rice,1886.97595,1837.9651,1862.470525,284.7108538,270.1339723,,186.83703975,13.007021247499999,,,133.33411225,268.255943,,,,,,,,,,,,,,,,,,,,,,,,,,,,,,,,,,1.6959929286977,1.56900539707016,1
2010.0,0.4191843195,1.48298765746278,,,,,,,,,26.85,33.2503896,24.5140629,28.88222625,41.29108176666667,VNS,rice,1887.26699,1863.692885,1875.4799375,286.1333238,269.8190613,,172.4137345,13.028439250000002,,,138.85769075,268.3985518,,,,,,,,,,,,,,,,,,,,,,,,,,,,,,,,,,2.14599922690375,1.6959929286977,0
2011.0,0.44973923275000005,2.0199900049975,,,,,,,,,35.0,31.8070307,24.203516025,28.0052733625,37.752295833333335,VNS,rice,1866.13761,1864.85704,1865.497325,282.12281,266.3581238,,173.47107325,17.155839874999998,,,135.77040675,267.2936858,,,,,,,,,,,,,,,,,,,,,,,,,,,,,,,,,,1.48298765746278,2.14599922690375,1
2012.0,0.43703054649999995,2.21499509322866,,,,,,,,,34.4,32.48281195,23.273828525,27.8783202375,72.084634725,VNS,rice,1885.346135,1878.011975,1881.679055,285.2416763,267.7882385,,187.36964425,15.051789600000001,,,128.308918,268.7961118,,,,,,,,,,,,,,,,,,,,,,,,,,,,,,,,,,2.0199900049975,1.48298765746278,1
2013.0,0.38458563375,2.42800009355193,,,,,,,,,26.675,30.736718675,23.808984775,27.272851725,44.69265873333333,VNS,rice,1869.16441,1869.28082,1869.2226150000001,289.5684585,271.2658233,,187.448803,13.284238825000001,,,129.459185,271.23259,,,,,,,,,,,,,,,,,,,,,,,,,,,,,,,,,,2.21499509322866,2.0199900049975,2
2014.0,0.46985760349999994,2.15100771230133,,,,,,,,,36.15,32.982811475,24.41640665,28.6996090625,33.67700957142857,VNS,rice,1867.88384,1842.56351,1855.223675,286.4053038,269.0353315,,181.18489449999998,14.150009825,,,124.26787350000001,271.1217955,,,,,,,,,,,,,,,,,,,,,,,,,,,,,,,,,,2.42800009355193,2.21499509322866,1
2015.0,0.47506486625,2.3220099402672,,,,,,,,,38.325,34.185936,23.980859775,29.0833978875,35.3942947,VNS,rice,1859.618355,1880.45669,1870.0375225,296.562538,275.831108,,188.8446885,12.52515445,,,125.31912625,277.8369905,,,,,,,,,,,,,,,,,,,,,,,,,,,,,,,,,,2.15100771230133,2.42800009355193,2
2016.0,0.412613757,2.05899060519991,,,,,,,,,31.7,31.6742182,23.67421915,27.674218675,48.793515533333334,VNS,rice,1914.56638,1870.79422,1892.6803,279.1118698,258.9179193,,167.04252225,15.650563950000002,,,134.0528275,266.6364213,,,,,,,,,,,,,,,,,,,,,,,,,,,,,,,,,,2.3220099402672,2.15100771230133,1
2017.0,0.44671092925,2.45499920458161,,,,,,,,,38.7,32.0335932,23.9984379,28.01601555,43.8049898,VNS,rice,1878.12839,1895.24144,1886.684915,280.1649475,262.5975113,,167.60565975,15.160327225000001,,,131.71404475,267.9791643,,,,,,,,,,,,,,,,,,,,,,,,,,,,,,,,,,2.05899060519991,2.3220099402672,2
2018.0,0.37488970175,2.54900520118332,,,,,,,,,36.175,32.0648432,22.9437504,27.5042968,31.893091833333333,VNS,rice,1896.056345,1905.71882,1900.8875825,282.1762008,266.4954913,,181.266571,13.714877225,,,132.07295625,270.5789945,,,,,,,,,,,,,,,,,,,,,,,,,,,,,,,,,,2.45499920458161,2.05899060519991,2
2019.0,0.4425153507499999,2.52900256180618,,,,,,,,,36.225,31.758202575,24.41640665,28.0873046125,45.20805265,VNS,rice,1879.05971,1891.05049,1885.0551,281.0276185,264.933037,,165.89556125000001,15.496276475,,,137.45288675,267.4906768,,,,,,,,,,,,,,,,,,,,,,,,,,,,,,,,,,2.54900520118332,2.45499920458161,2
2020.0,0.455326393,2.65599495161969,,,,,,,,,36.175,33.560936,25.211328525,29.3861322625,53.634994500000005,VNS,rice,1909.67694,1890.46841,1900.072675,265.8293613,249.3983,,167.623043,17.6242967,,,125.748333,263.2055968,,,,,,,,,,,,,,,,,,,,,,,,,,,,,,,,,,2.52900256180618,2.54900520118332,2
2000.0,0.394205317,2.70726271630834,,165.17942780826453,,,,,,,66.875,,,,38.61259365,VNS,wheat,,,,,,,,,,,,,,,,,,,,,,,,,,,,,,,,,,,,,,,,,,,,,,,,2
2001.0,0.49432407325,2.52826302766295,,162.80977373140496,,,,,,,69.2,,,,34.4642148,VNS,wheat,,,,,,,,,,,,,,,,,,,,,,,,,,,,,,,,,,,,,,,,,,,,,,2.70726271630834,,1
2002.0,0.43377938850000003,2.55059772032249,1796.9403419999996,165.5030463223141,166.36819974712645,152.37363032530115,159.3709150362138,,,,66.475,,,,34.4642148,VNS,wheat,,,,,,,,,,,,,,,,,,,,,,,,,,,,,,,,,,,,,,,,,,,,,,2.52826302766295,2.70726271630834,1
2003.0,0.445885636,2.12616934158223,1798.368370166667,168.48231176967215,157.5806112142857,153.72497730000006,155.6527942571429,,,,64.425,26.801172275,10.36367227,18.5824222725,39.713649000000004,VNS,wheat,,,,,,,,,,,,,,,,,,,,,,,,,,,,,,,,,,,,,,,,,,,,,,2.55059772032249,2.52826302766295,0
2004.0,0.313492298,2.60043328438286,1801.0251829508202,158.4529528917356,160.5114820843374,152.80113139080464,156.65630673757101,262.475479875,264.0211545384615,0.0607857165085714,65.825,28.254297275,12.101953525,20.1781254,44.578769699999995,VNS,wheat,,,,,,,,,,,,,,,,,,,,,,,,,,,,,,,,,,,,,,,,,,,,,,2.12616934158223,2.55059772032249,1
2005.0,0.43010783199999997,1.9007299480254,1787.7635466666663,162.09542167603303,157.4105515365854,154.84003694736845,156.12529424197692,249.228696330435,250.00608601739128,-0.0241666676873333,73.75,29.4183593,11.496484765000002,20.4574220325,38.45406152,VNS,wheat,,,,,,,,,,,,,,,,,,,,,,,,,,,,,,,,,,,,,,,,,,,,,,2.60043328438286,2.12616934158223,0
2006.0,0.49932988700000003,2.14449749722314,1802.9097921052633,162.32486883966945,149.51517593023257,155.6770659999999,152.59612096511626,258.176495162393,259.903418008547,-0.024144439854,59.825,28.369531175,12.062891019999999,20.2162110975,38.3866806,VNS,wheat,,,,,,,,,,,,,,,,,,,,,,,,,,,,,,,,,,,,,,,,,,,,,,1.9007299480254,2.60043328438286,1
2007.0,0.5544864239999999,2.53466184614502,1800.6479686206899,160.60777712622945,151.82692246666667,156.10617825581392,153.9665503612403,251.656780677966,253.58487425210086,0.030553816051805,65.44999999999999,28.03164055,11.092187890000002,19.56191422,51.86175345,VNS,wheat,,,,,,,,,,,,,,,,,,,,,,,,,,,,,,,,,,,,,,,,,,,,,,2.14449749722314,1.9007299480254,1
2008.0,0.577505179,2.54157235748957,1619.4841386206901,161.16617000413225,141.94447431249995,153.0861482025317,147.5153112575158,253.135294735294,254.996,-0.00305555391666667,74.77499999999999,28.4281254,12.3031254,20.3656254,46.20654296666667,VNS,wheat,,,,,,,,,,,,,,,,,,,,,,,,,,,,,,,,,,,,,,,,,,,,,,2.53466184614502,2.14449749722314,1
2009.0,0.51837434625,2.82299793483249,1812.0095458695657,164.26593101049585,138.51725570833332,154.36995049999996,146.44360310416664,267.631578947369,269.6253158101265,0.0197561005263415,75.425,27.586328525,11.357812775,19.47207065,33.141238224999995,VNS,wheat,,,,,,,,,,,,,,,,,,,,,,,,,,,,,,,,,,,,,,,,,,,,,,2.54157235748957,2.53466184614502,2
2010.0,0.51474172625,2.51291767622697,1811.1053606382982,163.2229882652893,137.32071374683542,157.9842150864198,147.6524644166276,260.805714842857,261.6487189871794,0.134204547729545,70.175,28.3949218,11.69960965,20.047265725,41.29108176666667,VNS,wheat,,,,,,,,,,,,,,,,,,,,,,,,,,,,,,,,,,,,,,,,,,,,,,2.82299793483249,2.54157235748957,1
2011.0,0.5858919695,2.8029642422355,1826.5132825925932,164.13674784098362,136.43075362499997,153.66066542857138,145.04570952678569,260.41702012766,261.5515150606061,0.0807608713254348,74.64999999999999,26.578516025,11.492578515000002,19.035547270000002,37.752295833333335,VNS,wheat,,,,,,,,,,,,,,,,,,,,,,,,,,,,,,,,,,,,,,,,,,,,,,2.51291767622697,2.82299793483249,2
2012.0,0.5520436615000001,3.02228128142508,1839.4221698387096,162.50836909090904,130.6975415622222,156.24058263855423,143.46906210038821,250.3249985,252.06734638775504,-0.127019230142692,80.8,26.86953165,10.766015895,18.8177737725,72.084634725,VNS,wheat,,,,,,,,,,,,,,,,,,,,,,,,,,,,,,,,,,,,,,,,,,,,,,2.8029642422355,2.51291767622697,2
2013.0,0.61751535525,3.07881787533176,1836.5003840000002,158.070779104959,129.1455528691358,153.0435572073171,141.09455503822645,265.015169449438,267.57708248958323,-0.0434523836833333,73.475,25.992578525,11.40273477,18.6976566475,44.69265873333333,VNS,wheat,,,,,,,,,,,,,,,,,,,,,,,,,,,,,,,,,,,,,,,,,,,,,,3.02228128142508,2.8029642422355,2
2014.0,0.6328254565,2.72273375697056,1842.058018070175,158.01451980330592,135.28556073294112,155.75660219512193,145.5210814640315,267.584810848101,269.5011359204545,-0.065151512430303,82.8,25.62734415,11.252344140000002,18.439844145000002,33.67700957142857,VNS,wheat,,,,,,,,,,,,,,,,,,,,,,,,,,,,,,,,,,,,,,,,,,,,,,3.07881787533176,3.02228128142508,2
2015.0,0.5930792165000001,1.85099902356559,1839.3299703448276,153.22154862868857,139.47209575280897,157.2866869529412,148.37939135287507,263.7574995125,264.9597569756097,-0.0314473683913158,71.02499999999999,29.13320305,12.824609769999999,20.97890641,35.3942947,VNS,wheat,,,,,,,,,,,,,,,,,,,,,,,,,,,,,,,,,,,,,,,,,,,,,,2.72273375697056,3.07881787533176,0
2016.0,0.5930792165000001,2.40899535779977,1856.9709800000003,159.81878072066115,129.76872026506027,156.28972534567907,143.02922280536967,253.184209342105,255.0867471325301,0.0352380941161904,89.3,26.855859775,11.91640665,19.3861332125,48.793515533333334,VNS,wheat,,,,,,,,,,,,,,,,,,,,,,,,,,,,,,,,,,,,,,,,,,,,,,1.85099902356559,2.72273375697056,1
2017.0,0.53950221825,3.37233832529543,1852.3850786666671,157.23753661322317,128.1617631651162,158.9206102117647,143.54118668844046,267.7199972,269.5767446046513,-0.0359374946129167,68.025,28.01796915,11.510156525,19.7640628375,43.8049898,VNS,wheat,,,,,,,,,,,,,,,,,,,,,,,,,,,,,,,,,,,,,,,,,,,,,,2.40899535779977,1.85099902356559,2
2018.0,0.58930859725,3.38116863457463,1853.0658307142858,155.4372688842975,119.23905484545453,154.62794139024385,136.93349811784918,245.080263828947,247.40823490588235,0.0261904823240476,77.575,27.617578525,11.396875390000002,19.507226957500002,31.893091833333333,VNS,wheat,,,,,,,,,,,,,,,,,,,,,,,,,,,,,,,,,,,,,,,,,,,,,,3.37233832529543,2.40899535779977,2
2019.0,0.664827332,3.49597668652951,1870.706432786886,154.53602874098368,127.88414991318677,152.69943524137932,140.29179257728305,272.01605145679,274.6306813068182,0.106774190447419,71.55000000000001,25.863672275,12.103906649999999,18.9837894625,45.20805265,VNS,wheat,,,,,,,,,,,,,,,,,,,,,,,,,,,,,,,,,,,,,,,,,,,,,,3.38116863457463,3.37233832529543,2
2020.0,0.528911881,3.29977036376135,1870.1973290909089,155.71912839173552,122.43357820714284,158.797775,140.61567660357142,265.505194727273,267.2607151071429,0.133953486195349,69.175,27.797266025,11.725000395,19.76113321,53.634994500000005,VNS,wheat,,,,,,,,,,,,,,,,,,,,,,,,,,,,,,,,,,,,,,,,,,,,,,3.49597668652951,3.38116863457463,2
