region,crop,year,90%tile precipitation,90%tile precipitation (mm/day),90%tile precipitation (mm/day) years,aod,avg,ch4,ch4 (ppbv),ch4 avg (ppbv),ch4 day (ppbv),ch4 night (ppbv),co avg (ppbv),co day (ppbv),co day ppbv,co night (ppbv),co ppbv,co sfc conc (ppbv),co surface concentration (ppbv),co surface mass concentration (ppbv),co_day (ppbv),co_night (ppbv),day o3,net downward shortwave radiation,net dw sw wm-2,net sw land,net sw land wm-2,o3 avg,o3 sfc mass conc.,o3 total column 0.25 deg,o3 total column 1 deg,o3_total column o3 du,ozone 0.25,ozone 1 deg.,ozone sfc mass conc.,pm2.5 ugm-3,shortwave radiation,so2 column amount,so2 column du,so2 conc (ugm-3),so2 sfc ms cnc,so2 ugm-3,surface skin temp,surface skin temp avg,surface skin temp day,surface skin temp night,surface skin temp years,total column o3 du,total column ozone dobson,total o3 column,yield_lag1,yield_lag2,yield_pred
GKP,maize,2021,,26.048987049587367,,0.4916845610452385,,1889.1229964035083,,,1886.2866499122802,1891.9593428947355,,,,,112.22191371754525,137.28910108333343,,,,,,,193.05254034999984,,,,,269.5116682794121,269.2672220750004,,,,,39.44138497666688,147.8138730744272,-0.0477755477205859,,,,9.052403766428597,,29.657023542075155,33.8445358589869,25.4695112251634,,,273.1498255821427,,0.9770660340055358,0.956973293768546,1.147870239124419
GKP,maize,2022,,25.44615684026212,,0.49356286574199215,,1892.638688030701,,,1890.3140073245604,1894.9633687368414,,,,,109.89368455614203,137.49011619047633,,,,,,,192.79181515129847,,,,,270.0569053882357,269.8079995107847,,,,,39.636566798030515,147.24318746866243,-0.05102005991176206,,,,9.203479671331195,,29.680604154471954,33.87393150715512,25.487276801788788,,,273.0847680766232,,1.147870239124419,0.9770660340055358,1.25472741272733
GKP,maize,2023,,24.843326630936645,,0.49544117043874536,,1896.1543796578944,,,1894.3413647368416,1897.9673945789464,,,,,107.56545539473791,137.69113129761917,,,,,,,192.5310899525972,,,,,270.6021424970593,270.34877694656905,,,,,39.83174861939415,146.67250186289766,-0.054264572102938224,,,,9.354555576233793,,29.70418476686876,33.903327155323325,25.505042378414174,,,273.0197105711037,,1.25472741272733,1.147870239124419,1.3285626169198457
GKP,maize,2024,,24.240496421611397,,0.49731947513549857,,1899.670071285087,,,1898.3687221491218,1900.9714204210513,,,,,105.2372262333347,137.89214640476206,,,,,,,192.27036475389582,,,,,271.14737960588286,270.88955438235337,,,,,40.02693044075778,146.10181625713312,-0.05750908429411439,,,,9.50563148113639,,29.72776537926556,33.932722803491544,25.522807955039568,,,272.95465306558424,,1.3285626169198457,1.25472741272733,1.3915874818290837
GKP,maize,2025,,23.63766621228615,,0.4991977798322518,,1903.1857629122796,,,1902.396079561403,1903.9754462631563,,,,,102.90899707193148,138.0931615119049,,,,,,,192.00963955519455,,,,,271.69261671470645,271.4303318181377,,,,,40.22211226212141,145.53113065136836,-0.06075359648529055,,,,9.656707386038988,,29.751345991662358,33.96211845165975,25.540573531664954,,,272.8895955600648,,1.3915874818290837,1.3285626169198457,1.4544488622481317
GKP,maize,2026,,23.034836002960674,,0.501076084529005,,1906.7014545394732,,,1906.4234369736832,1906.9794721052622,,,,,100.58076791052827,138.29417661904773,,,,,,,191.7489143564933,,,,,272.23785382353003,271.97110925392224,,,,,40.41729408348505,144.9604450456036,-0.06399810867646671,,,,9.807783290941586,,29.774926604059157,33.99151409982797,25.558339108290347,,,272.8245380545453,,1.4544488622481317,1.3915874818290837,1.5213425315075852
GKP,maize,2027,,22.432005793635426,,0.5029543892257582,,1910.2171461666658,,,1910.4507943859644,1909.9834979473671,,,,,98.25253874912414,138.49519172619063,,,,,,,191.4881891577919,,,,,272.7830909323536,272.51188668970656,,,,,40.61247590484868,144.38975943983883,-0.06724262086764377,,,,9.958859195844184,,29.798507216455963,34.020909747996186,25.576104684915734,,,272.7594805490258,,1.5213425315075852,1.4544488622481317,1.5936676594109165
GKP,maize,2028,,21.82917558430995,,0.5048326939225114,,1913.7328377938593,,,1914.4781517982447,1912.987523789472,,,,,95.92430958772093,138.69620683333346,,,,,,,191.22746395909064,,,,,273.3283280411772,273.0526641254909,,,,,40.80765772621231,143.8190738340743,-0.07048713305881993,,,,10.109935100746782,,29.822087828852762,34.05030539616439,25.593870261541127,,,272.6944230435063,,1.5936676594109165,1.5213425315075852,1.671862373704823
GKP,maize,2029,,21.226345374984703,,0.5067109986192646,,1917.248529421052,,,1918.5055092105258,1915.991549631577,,,,,93.59608042631771,138.89722194047636,,,,,,,190.96673876038926,,,,,273.8735651500008,273.5934415612752,,,,,41.002839547576,143.24838822830952,-0.07373164524999609,,,,10.26101100564938,,29.84566844124956,34.07970104433261,25.611635838166514,,,272.6293655379868,,1.671862373704823,1.5936676594109165,1.7561004760191894
GKP,maize,2030,,20.623515165659228,,0.5085893033160178,,1920.7642210482445,,,1922.532866622806,1918.995575473683,,,,,91.26785126491359,139.0982370476192,,,,,,,190.706013561688,,,,,274.41880225882437,274.1342189970595,,,,,41.198021368939635,142.67770262254476,-0.07697615744117225,,,,10.412086910551977,,29.869249053646367,34.10909669250083,25.6294014147919,,,272.56430803246735,,1.7561004760191894,1.671862373704823,1.8464497966356865
GKP,rice,2021,,26.048987049587367,2021.0,0.4704854123738125,,1892.7768044736836,,,1893.5942660526307,1891.9593428947355,,,,,112.22191371754525,149.96140900428583,,,,,,,178.60268882618982,,,,,269.5116682794121,269.2672220750004,,,,,42.36770998023826,147.8138730744272,-0.0477755477205859,,,,10.08771493562864,,,32.183945593627435,24.625199542156867,2020.9999999999989,,269.31273187499994,,2.8,2.67,2.8469078636780605
GKP,rice,2022,,25.44615684026212,2022.0000000000002,0.473459986181604,,1895.4228022236834,,,1895.8822357105255,1894.9633687368414,,,,,109.89368455614203,150.2018764540261,,,,,,,178.15326374437166,,,,,270.0569053882357,269.8079995107847,,,,,42.74073589413433,147.24318746866243,-0.05102005991176206,,,,10.289119501322148,,,32.217487339447864,24.64738333343654,2021.9999999999989,,269.29134664935054,,2.8469078636780605,2.8,2.914081835151116
GKP,rice,2023,,24.843326630936645,2023.0000000000002,0.47643455998939643,,1898.0687999736833,,,1898.1702053684203,1897.9673945789464,,,,,107.56545539473791,150.44234390376636,,,,,,,177.7038386625535,,,,,270.6021424970593,270.34877694656905,,,,,43.113761808030404,146.67250186289766,-0.054264572102938224,,,,10.490524067015656,,,32.25102908526831,24.669567124716213,2022.9999999999989,,269.2699614237012,,2.914081835151116,2.8469078636780605,3.0042864472831736
GKP,rice,2024,,24.240496421611397,2024.0000000000002,0.47940913379718886,,1900.7147977236832,,,1900.458175026315,1900.9714204210513,,,,,105.2372262333347,150.68281135350662,,,,,,,177.25441358073533,,,,,271.14737960588286,270.88955438235337,,,,,43.48678772192659,146.10181625713312,-0.05750908429411439,,,,10.691928632709164,,,32.284570831088736,24.69175091599588,2023.999999999999,,269.24857619805186,,3.0042864472831736,2.914081835151116,3.102710908081322
GKP,rice,2025,,23.63766621228615,2025.0000000000002,0.4823837076049813,,1903.360795473683,,,1902.7461446842099,1903.9754462631563,,,,,102.90899707193148,150.9232788032469,,,,,,,176.80498849891706,,,,,271.69261671470645,271.4303318181377,,,,,43.85981363582266,145.53113065136836,-0.06075359648529055,,,,10.893333198402672,,,32.318112576909165,24.713934707275552,2024.999999999999,,269.2271909724025,,3.102710908081322,3.0042864472831736,3.199616506812075
GKP,rice,2026,,23.034836002960674,2026.0000000000002,0.4853582814127737,,1906.006793223683,,,1905.0341143421047,1906.9794721052622,,,,,100.58076791052827,151.16374625298715,,,,,,,176.3555634170989,,,,,272.23785382353003,271.97110925392224,,,,,44.23283954971885,144.9604450456036,-0.06399810867646671,,,,11.09473776409618,,,32.35165432272961,24.736118498555225,2025.999999999999,,269.2058057467532,,3.199616506812075,3.102710908081322,3.2907795747688517
GKP,rice,2027,,22.432005793635426,2027.0000000000002,0.48833285522056613,,1908.6527909736828,,,1907.3220839999994,1909.9834979473671,,,,,98.25253874912414,151.40421370272742,,,,,,,175.90613833528073,,,,,272.7830909323536,272.51188668970656,,,,,44.60586546361492,144.38975943983883,-0.06724262086764377,,,,11.296142329789689,,,32.38519606855004,24.758302289834898,2026.999999999999,,269.1844205211038,,3.2907795747688517,3.199616506812075,3.374311451932431
GKP,rice,2028,,21.82917558430995,2028.0000000000002,0.49130742902835767,,1911.2987887236827,,,1909.6100536578942,1912.987523789472,,,,,95.92430958772093,151.64468115246768,,,,,,,175.45671325346257,,,,,273.3283280411772,273.0526641254909,,,,,44.97889137751099,143.8190738340743,-0.07048713305881993,,,,11.497546895483197,,,32.418737814370466,24.78048608111457,2027.999999999999,,269.16303529545445,,3.374311451932431,3.2907795747688517,3.4491171739108473
GKP,rice,2029,,21.226345374984703,2029.0000000000002,0.4942820028361501,,1913.9447864736835,,,1911.898023315789,1915.991549631577,,,,,93.59608042631771,151.88514860220795,,,,,,,175.0072881716444,,,,,273.8735651500008,273.5934415612752,,,,,45.351917291407176,143.24838822830952,-0.07373164524999609,,,,11.698951461176705,,,32.45227956019091,24.802669872394244,2028.9999999999993,,269.1416500698051,,3.4491171739108473,3.374311451932431,3.514700104439374
GKP,rice,2030,,20.623515165659228,2030.0000000000005,0.4972565766439425,,1916.5907842236834,,,1914.1859929736838,1918.995575473683,,,,,91.26785126491359,152.1256160519482,,,,,,,174.55786308982613,,,,,274.41880225882437,274.1342189970595,,,,,45.72494320530325,142.67770262254476,-0.07697615744117225,,,,11.900356026870213,,,32.48582130601134,24.82485366367391,2029.9999999999993,,269.12026484415577,,3.514700104439374,3.4491171739108473,3.5712994290261055
GKP,wheat,2021,,,,0.7185618604466413,,1455.4316681490843,,,1009.8748749492795,1900.9884613488894,131.62602437631585,,112.22191371754525,151.03013503508765,,,,,,,,,,,,,,269.5116682794121,269.2672220750004,,,,,97.38911553809544,,-0.0477755477205859,,,,,,,,,,,,,3.6959816013736,4.01753719845043,3.5915344796392414
GKP,wheat,2022,,,,0.7273839384714478,,1456.7470596466799,,,1010.0111982574026,1903.4829210359576,130.42920358342144,,109.89368455614203,150.9647226107017,,,,,,,,,,,,,,270.0569053882357,269.8079995107847,,,,,98.17561400595264,,-0.05102005991176206,,,,,,,,,,,,,3.5915344796392414,3.6959816013736,3.7704111941229055
GKP,wheat,2023,,,,0.7362060164962543,,1458.0624511442754,,,1010.1475215655257,1905.9773807230258,129.23238279052657,,107.56545539473791,150.89931018631572,,,,,,,,,,,,,,270.6021424970593,270.34877694656905,,,,,98.96211247380984,,-0.054264572102938224,,,,,,,,,,,,,3.7704111941229055,3.5915344796392414,4.052313557980266
GKP,wheat,2024,,,,0.7450280945210608,,1459.3778426418714,,,1010.2838448736488,1908.471840410094,128.0355619976317,,105.2372262333347,150.83389776192976,,,,,,,,,,,,,,271.14737960588286,270.88955438235337,,,,,99.74861094166704,,-0.05750908429411439,,,,,,,,,,,,,4.052313557980266,3.7704111941229055,4.199485430745577
GKP,wheat,2025,,,,0.7538501725458673,,1460.693234139467,,,1010.4201681817719,1910.9663000971623,126.83874120473729,,102.90899707193148,150.76848533754378,,,,,,,,,,,,,,271.69261671470645,271.4303318181377,,,,,100.53510940952401,,-0.06075359648529055,,,,,,,,,,,,,4.199485430745577,4.052313557980266,4.167721189124548
GKP,wheat,2026,,,,0.7626722505706738,,1462.0086256370626,,,1010.556491489895,1913.4607597842305,125.64192041184242,,100.58076791052827,150.70307291315783,,,,,,,,,,,,,,272.23785382353003,271.97110925392224,,,,,101.32160787738121,,-0.06399810867646671,,,,,,,,,,,,,4.167721189124548,4.199485430745577,4.104098301162047
GKP,wheat,2027,,,,0.7714943285954803,,1463.3240171346586,,,1010.6928147980182,1915.9552194712987,124.44509961894755,,98.25253874912414,150.63766048877187,,,,,,,,,,,,,,272.7830909323536,272.51188668970656,,,,,102.10810634523841,,-0.06724262086764377,,,,,,,,,,,,,4.104098301162047,4.167721189124548,4.126123136596612
GKP,wheat,2028,,,,0.7803164066202868,,1464.6394086322541,,,1010.8291381061413,1918.449679158367,123.24827882605314,,95.92430958772093,150.5722480643859,,,,,,,,,,,,,,273.3283280411772,273.0526641254909,,,,,102.89460481309561,,-0.07048713305881993,,,,,,,,,,,,,4.126123136596612,4.104098301162047,4.21870494845175
GKP,wheat,2029,,,,0.7891384846450933,,1465.9548001298497,,,1010.9654614142644,1920.9441388454352,122.05145803315827,,93.59608042631771,150.50683563999993,,,,,,,,,,,,,,273.8735651500008,273.5934415612752,,,,,103.68110328095281,,-0.07373164524999609,,,,,,,,,,,,,4.21870494845175,4.126123136596612,4.284758715403953
GKP,wheat,2030,,,,0.7979605626698998,,1467.2701916274457,,,1011.1017847223875,1923.4385985325034,120.8546372402634,,91.26785126491359,150.44142321561395,,,,,,,,,,,,,,274.41880225882437,274.1342189970595,,,,,104.46760174881001,,-0.07697615744117225,,,,,,,,,,,,,4.284758715403953,4.21870494845175,4.281807814214353
PYG,maize,2021,,29.94632613001579,,0.49138815793333346,,,,1899.8572042105252,1891.0545705263144,1908.6598378947365,,,,,,129.63160964761903,,,,,,,,,189.66270867738092,,,,,,,,,,,,,9.733661568285811,,,,30.13564754517973,34.79935841584965,25.471936674509806,,273.8344062845238,,,1.83,1.75,1.9925754126415103
PYG,maize,2022,,29.761765294180293,,0.49223415993268405,,,,1902.702078052631,1893.5600527894726,1911.8441033157887,,,,,,129.8026519904762,,,,,,,,,189.8100021134199,,,,,,,,,,,,,9.888138062610494,,,,30.13328928867818,34.78324565026657,25.48333292708979,,273.81618462640694,,,1.9925754126415103,1.83,2.1026412916330566
PYG,maize,2023,,29.577204458344795,,0.49308016193203485,,,,1905.5469518947357,1896.0655350526308,1915.028368736841,,,,,,129.9736943333333,,,,,,,,,189.95729554945882,,,,,,,,,,,,,10.042614556935177,,,,30.130931032176633,34.7671328846835,25.49472917966977,,273.79796296829005,,,2.1026412916330566,1.9925754126415103,2.1746503554563974
PYG,maize,2024,,29.392643622509297,,0.49392616393138544,,,,1908.3918257368414,1898.5710173157881,1918.2126341578942,,,,,,130.14473667619046,,,,,,,,,190.1045889854978,,,,,,,,,,,,,10.19709105125986,,,,30.12857277567508,34.75102011910042,25.506125432249753,,273.7797413101731,,,2.1746503554563974,2.1026412916330566,2.2369707616964147
PYG,maize,2025,,29.2080827866738,,0.49477216593073603,,,,1911.2366995789462,1901.0764995789464,1921.3968995789464,,,,,,130.31577901904762,,,,,,,,,190.25188242153672,,,,,,,,,,,,,10.351567545584544,,,,30.126214519173534,34.73490735351734,25.51752168482973,,273.7615196520562,,,2.2369707616964147,2.1746503554563974,2.3026660868063438
PYG,maize,2026,,29.0235219508383,,0.4956181679300866,,,,1914.0815734210519,1903.5819818421037,1924.5811649999987,,,,,,130.48682136190473,,,,,,,,,190.3991758575757,,,,,,,,,,,,,10.50604403990917,,,,30.123856262671985,34.71879458793426,25.528917937409716,,273.74329799393934,,,2.3026660868063438,2.2369707616964147,2.373319852797065
PYG,maize,2027,,28.83896111500286,,0.4964641699294372,,,,1916.9264472631567,1906.087464105262,1927.7654304210519,,,,,,130.6578637047619,,,,,,,,,190.54646929361462,,,,,,,,,,,,,10.660520534233854,,,,30.121498006170437,34.70268182235119,25.540314189989694,,273.72507633582245,,,2.373319852797065,2.3026660868063438,2.446521867683516
PYG,maize,2028,,28.654400279167362,,0.497310171928788,,,,1919.7713211052624,1908.5929463684192,1930.9496958421041,,,,,,130.82890604761906,,,,,,,,,190.6937627296536,,,,,,,,,,,,,10.814997028558537,,,,30.11913974966889,34.68656905676811,25.55171044256968,,273.70685467770556,,,2.446521867683516,2.373319852797065,2.5197805545380234
PYG,maize,2029,,28.469839443331864,,0.4981561739281386,,,,1922.6161949473671,1911.0984286315775,1934.1339612631564,,,,,,130.99994839047616,,,,,,,,,190.84105616569258,,,,,,,,,,,,,10.96947352288322,,,,30.11678149316734,34.67045629118503,25.563106695149656,,273.6886330195887,,,2.5197805545380234,2.446521867683516,2.5913706104470764
PYG,maize,2030,,28.285278607496366,,0.4990021759274892,,,,1925.4610687894728,1913.6039108947357,1937.3182266842095,,,,,,131.17099073333333,,,,,,,,,190.9883496017315,,,,,,,,,,,,,11.123950017207903,,,,30.114423236665793,34.65434352560195,25.57450294772964,,273.6704113614718,,,2.5913706104470764,2.5197805545380234,2.6600553504082356
PYG,rice,2021,,29.94632613001579,,0.4740577886035724,,,,1899.8572042105252,1891.0545705263144,1908.6598378947365,,,,,,142.31003061642852,,,,,,,,,176.097154095238,,,,,,,,,,,,,11.319426030476336,,,,28.380879690686257,32.73426715130716,24.02749223006537,2021.0,269.72045829404755,,,3.12,3.12,3.167294207507206
PYG,rice,2022,,29.761765294180293,,0.47621720324610495,,,,1902.702078052631,1893.5600527894726,1911.8441033157887,,,,,,142.3498945893506,,,,,,,,,175.92337131277048,,,,,,,,,,,,,11.491762341612684,,,,28.379612890802356,32.72328411913482,24.03594166246991,2022.0000000000002,269.72087877424235,,,3.167294207507206,3.12,3.249853308291405
PYG,rice,2023,,29.577204458344795,,0.4783766178886375,,,,1905.5469518947357,1896.0655350526308,1915.028368736841,,,,,,142.38975856227268,,,,,,,,,175.74958853030296,,,,,,,,,,,,,11.664098652749033,,,,28.378346090918456,32.71230108696247,24.044391094874456,2023.0000000000002,269.72129925443716,,,3.249853308291405,3.167294207507206,3.3398792124912178
PYG,rice,2024,,29.392643622509297,,0.48053603253117005,,,,1908.3918257368414,1898.5710173157881,1918.2126341578942,,,,,,142.42962253519474,,,,,,,,,175.57580574783543,,,,,,,,,,,,,11.836434963885438,,,,28.377079291034555,32.70131805479012,24.052840527278995,2024.0000000000002,269.72171973463196,,,3.3398792124912178,3.249853308291405,3.4246405606969197
PYG,rice,2025,,29.2080827866738,,0.4826954471737026,,,,1911.2366995789462,1901.0764995789464,1921.3968995789464,,,,,,142.46948650811683,,,,,,,,,175.4020229653679,,,,,,,,,,,,,12.008771275021786,,,,28.37581249115065,32.690335022617774,24.061289959683542,2025.0000000000002,269.72214021482677,,,3.4246405606969197,3.3398792124912178,3.501018734813318
PYG,rice,2026,,29.0235219508383,,0.48485486181623516,,,,1914.0815734210519,1903.5819818421037,1924.5811649999987,,,,,,142.5093504810389,,,,,,,,,175.22824018290032,,,,,,,,,,,,,12.181107586158134,,,,28.37454569126675,32.67935199044543,24.06973939208808,2026.0000000000002,269.72256069502157,,,3.501018734813318,3.4246405606969197,3.5689122140070655
PYG,rice,2027,,28.83896111500286,,0.4870142764587677,,,,1916.9264472631567,1906.087464105262,1927.7654304210519,,,,,,142.54921445396099,,,,,,,,,175.0544574004328,,,,,,,,,,,,,12.353443897294483,,,,28.37327889138285,32.66836895827309,24.07818882449262,2027.0000000000002,269.7229811752164,,,3.5689122140070655,3.501018734813318,3.6287835358671137
PYG,rice,2028,,28.654400279167362,,0.48917369110130027,,,,1919.7713211052624,1908.5929463684192,1930.9496958421041,,,,,,142.58907842688305,,,,,,,,,174.88067461796527,,,,,,,,,,,,,12.525780208430888,,,,28.37201209149895,32.657385926100744,24.086638256897167,2028.0000000000002,269.7234016554112,,,3.6287835358671137,3.5689122140070655,3.6812201669802613
PYG,rice,2029,,28.469839443331864,,0.4913331057438328,,,,1922.6161949473671,1911.0984286315775,1934.1339612631564,,,,,,142.6289423998051,,,,,,,,,174.70689183549774,,,,,,,,,,,,,12.698116519567236,,,,28.370745291615044,32.646402893928396,24.095087689301707,2029.0000000000002,269.723822135606,,,3.6812201669802613,3.6287835358671137,3.7269558809990606
PYG,rice,2030,,28.285278607496366,,0.4934925203863654,,,,1925.4610687894728,1913.6039108947357,1937.3182266842095,,,,,,142.6688063727272,,,,,,,,,174.53310905303022,,,,,,,,,,,,,12.870452830703584,,,,28.369478491731144,32.63541986175605,24.103537121706253,2030.0000000000005,269.7242426158008,,,3.7269558809990606,3.6812201669802613,3.766821457713344
PYG,wheat,2021,,29.94632613001579,,0.7569021023285742,,,1866.6379424561385,,,,135.1520471956146,,,154.31593065263155,,,,,115.988163738597,,,153.8364462204761,,,,,,,,,265.4596269433828,265.4596269433828,,87.54253143666665,,,0.08130073056617704,,,,,19.496740014983622,27.311180342483595,11.68229968748362,,,,,2.81500042711922,3.55316675523838,2.4815225777359333
PYG,wheat,2022,,29.761765294180293,,0.7729389982707815,,,1868.465836175437,,,,134.06256449754437,,,154.4202410010526,,,,,113.70488799403574,,,153.31549469463175,,,,,,,,,265.9552972593142,265.9552972593142,,88.12500064400433,,,0.08569079334804108,,,,,19.46988001793511,27.231082075610544,11.708677960259678,,,,,2.4815225777359333,2.81500042711922,2.884226888347513
PYG,wheat,2023,,29.577204458344795,,0.7889758942129959,,,1870.2937298947352,,,,132.97308179947413,,,154.52455134947365,,,,,111.42161224947449,,,152.79454316878764,,,,,,,,,266.4509675752456,266.4509675752456,,88.70746985134201,,,0.09008085612990335,,,,,19.443020020886607,27.150983808737465,11.735056233035735,,,,,2.884226888347513,2.4815225777359333,3.5243755645211086
PYG,wheat,2024,,29.392643622509297,,0.8050127901552031,,,1872.1216236140333,,,,131.8835991014039,,,154.6288616978947,,,,,109.13833650491233,,,152.27359164294353,,,,,,,,,266.94663789117703,266.94663789117703,,89.28993905867969,,,0.0944709189117674,,,,,19.416160023838096,27.070885541864385,11.761434505811792,,,,,3.5243755645211086,2.884226888347513,3.7909513178982994
PYG,wheat,2025,,29.2080827866738,,0.8210496860974104,,,1873.9495173333314,,,,130.79411640333365,,,154.73317204631576,,,,,106.85506076035108,,,151.75264011709942,,,,,,,,,267.44230820710845,267.44230820710845,,89.87240826601737,,,0.09886098169362967,,,,,19.38930002678959,26.990787274991334,11.787812778587849,,,,,3.7909513178982994,3.5243755645211086,3.644898354819518
PYG,wheat,2026,,29.0235219508383,,0.8370865820396176,,,1875.7774110526295,,,,129.7046337052634,,,154.8374823947368,,,,,104.57178501578983,,,151.2316885912553,,,,,,,,,267.9379785230399,267.9379785230399,,90.45487747335505,,,0.10325104447549371,,,,,19.36244002974108,26.910689008118254,11.814191051363899,,,,,3.644898354819518,3.7909513178982994,3.397030168610272
PYG,wheat,2027,,28.83896111500286,,0.8531234779818249,,,1877.6053047719276,,,,128.61515100719362,,,154.94179274315786,,,,,102.28850927122858,,,150.71073706541097,,,,,,,,,268.4336488389713,268.4336488389713,,91.03734668069274,,,0.10764110725735598,,,,,19.335580032692576,26.830590741245175,11.840569324139956,,,,,3.397030168610272,3.644898354819518,3.337529286516504
PYG,wheat,2028,,28.654400279167362,,0.8691603739240321,,,1879.4331984912258,,,,127.52566830912338,,,155.04610309157889,,,,,100.00523352666733,,,150.18978553956686,,,,,,,,,268.9293191549027,268.9293191549027,,91.61981588803042,,,0.11203117003922003,,,,,19.308720035644065,26.750492474372095,11.866947596916013,,,,,3.337529286516504,3.397030168610272,3.5482138166730355
PYG,wheat,2029,,28.469839443331864,,0.8851972698662394,,,1881.2610922105239,,,,126.43618561105313,,,155.15041343999994,,,,,97.72195778210607,,,149.66883401372274,,,,,,,,,269.42498947083413,269.42498947083413,,92.2022850953681,,,0.1164212328210823,,,,,19.28186003859556,26.670394207499044,11.89332586969207,,,,,3.5482138166730355,3.337529286516504,3.840331500353997
PYG,wheat,2030,,28.285278607496366,,0.9012341658084466,,,1883.088985929822,,,,125.34670291298289,,,155.254723788421,,,,,95.43868203754482,,,149.14788248787863,,,,,,,,,269.92065978676555,269.92065978676555,,92.78475430270578,,,0.12081129560294634,,,,,19.25500004154705,26.590295940625964,11.919704142468127,,,,,3.840331500353997,3.5482138166730355,3.944683744593371
SNB,maize,2021,44.39385854802086,,,0.4276973431630957,,,,1901.8828545886581,1903.1092607869205,1894.4980883487765,,,,,,108.55681849666666,,,,,281.07675438596516,,,186.50071942142856,,,,,,272.93018622738083,,,,31.264613354523874,,,,,,10.087714935666725,,28.90511520196079,33.8907344973856,23.919495906535943,,,,,1.32,1.11,1.3492037777939525
SNB,maize,2022,44.43863651011222,,,0.42851634598419963,,,,1904.9098969675533,1906.2710463229441,1897.079353557248,,,,,,108.58804252536795,,,,,280.41888706140367,,,186.59118155714285,,,,,,272.93239560627694,,,,31.31901593816025,,,,,,10.28911950138746,,28.876731410281224,33.868649495940815,23.884813324621604,,,,,1.3492037777939525,1.32,1.3986192703442912
SNB,maize,2023,44.48341447220358,,,0.42933534880530355,,,,1907.9369393464494,1909.4328318589687,1899.6606187657185,,,,,,108.61926655406924,,,,,279.7610197368424,,,186.68164369285714,,,,,,272.93460498517305,,,,31.37341852179661,,,,,,10.490524067108254,,28.848347618601657,33.84656449449603,23.850130742707265,,,,,1.3986192703442912,1.3492037777939525,1.4653060769786803
SNB,maize,2024,44.52819243429495,,,0.43015435162640725,,,,1910.9639817253455,1912.5946173949933,1902.24188397419,,,,,,108.65049058277054,,,,,279.1031524122809,,,186.7721058285714,,,,,,272.93681436406916,,,,31.42782110543297,,,,,,10.691928632829047,,28.81996382692209,33.824479493051236,23.81544816079291,,,,,1.4653060769786803,1.3986192703442912,1.540926308429742
SNB,maize,2025,44.57297039638631,,,0.43097335444751117,,,,1913.9910241042417,1915.7564029310179,1904.8231491826614,,,,,,108.68171461147185,,,,,278.4452850877194,,,186.8625679642857,,,,,,272.9390237429652,,,,31.482223689069343,,,,,,10.89333319854984,,28.791580035242525,33.80239449160645,23.780765578878572,,,,,1.540926308429742,1.4653060769786803,1.6217225760344336
SNB,maize,2026,44.61774835847767,,,0.4317923572686151,,,,1917.0180664831378,1918.9181884670415,1907.4044143911328,,,,,,108.71293864017315,,,,,277.78741776315815,,,186.95303009999998,,,,,,272.94123312186133,,,,31.536626272705703,,,,,,11.094737764270633,,28.76319624356296,33.780309490161656,23.74608299696422,,,,,1.6217225760344336,1.540926308429742,1.7061664203268416
SNB,maize,2027,44.66252632056903,,,0.432611360089719,,,,1920.0451088620339,1922.0799740030661,1909.9856795996043,,,,,,108.74416266887445,,,,,277.12955043859665,,,187.04349223571424,,,,,,272.94344250075744,,,,31.591028856342078,,,,,,11.296142329991369,,28.734812451883393,33.75822448871687,23.71140041504988,,,,,1.7061664203268416,1.6217225760344336,1.7933980121662136
SNB,maize,2028,44.70730428266039,,,0.43343036291082293,,,,1923.07215124093,1925.2417595390907,1912.5669448080757,,,,,,108.77538669757574,,,,,276.4716831140354,,,187.13395437142853,,,,,,272.94565187965355,,,,31.645431439978438,,,,,,11.497546895712162,,28.706428660203827,33.736139487272084,23.67671783313554,,,,,1.7933980121662136,1.7061664203268416,1.882611280602894
SNB,maize,2029,44.75208224475175,,,0.43424936573192685,,,,1926.099193619826,1928.4035450751144,1915.1482100165463,,,,,,108.80661072627703,,,,,275.8138157894739,,,187.22441650714282,,,,,,272.94786125854966,,,,31.699834023614812,,,,,,11.698951461432955,,28.67804486852426,33.71405448582729,23.642035251221188,,,,,1.882611280602894,1.7933980121662136,1.9728371045232524
SNB,maize,2030,44.79686020684312,,,0.43506836855303077,,,,1929.1262359987222,1931.565330611139,1917.7294752250177,,,,,,108.83783475497833,,,,,275.1559484649124,,,187.31487864285708,,,,,,272.9500706374457,,,,31.754236607251173,,,,,,11.900356027153748,,28.649661076844694,33.691969484382504,23.60735266930685,,,,,1.9728371045232524,1.882611280602894,2.0628756832898683
SNB,rice,2021,,,,0.4022479678309536,26.983417609937213,,,1903.1757961522744,1903.1092607869205,1898.485177693582,,,,,,116.79624796761885,,,,,,,,175.09518006071414,,,,,,,,,,32.14423527916671,,,,,,10.087714935666725,31.3439086126591,,,,,268.86737534047614,,279.37554824561437,2.91,2.88,3.0585786533577046
SNB,rice,2022,,,,0.40402858331666813,26.96088512788097,,,1906.2924551157384,1906.2710463229441,1901.341109056918,,,,,,116.71421696132015,,,,,,,,174.9283046019479,,,,,,,,,,32.322842750757616,,,,,,10.28911950138746,31.32085208185415,,,,,268.889107321645,,278.94385964912306,3.0585786533577046,2.91,3.202206221369797
SNB,rice,2023,,,,0.4058091988023822,26.93835264582473,,,1909.4091140792034,1909.4328318589687,1904.197040420253,,,,,,116.63218595502144,,,,,,,,174.76142914318172,,,,,,,,,,32.50145022234858,,,,,,10.490524067108254,31.297795551049198,,,,,268.9108393028138,,278.51217105263186,3.202206221369797,3.0585786533577046,3.319400080345499
SNB,rice,2024,,,,0.4075898142880967,26.915820163768487,,,1912.5257730426674,1912.5946173949933,1907.0529717835889,,,,,,116.55015494872274,,,,,,,,174.59455368441547,,,,,,,,,,32.68005769393949,,,,,,10.691928632829047,31.274739020244247,,,,,268.9325712839826,,278.08048245614066,3.319400080345499,3.202206221369797,3.4096041210048647
SNB,rice,2025,,,,0.4093704297738108,26.893287681712245,,,1915.6424320061315,1915.7564029310179,1909.9089031469248,,,,,,116.46812394242403,,,,,,,,174.42767822564923,,,,,,,,,,32.8586651655304,,,,,,10.89333319854984,31.251682489439297,,,,,268.95430326515145,,277.64879385964946,3.4096041210048647,3.319400080345499,3.47894608340468
SNB,rice,2026,,,,0.4111510452595253,26.870755199656003,,,1918.7590909695955,1918.9181884670415,1912.7648345102598,,,,,,116.38609293612532,,,,,,,,174.260802766883,,,,,,,,,,33.037272637121305,,,,,,11.094737764270633,31.228625958634346,,,,,268.9760352463203,,277.21710526315815,3.47894608340468,3.4096041210048647,3.534786054937229
SNB,rice,2027,,,,0.41293166074523935,26.84822271759976,,,1921.8757499330604,1922.0799740030661,1915.6207658735957,,,,,,116.30406192982662,,,,,,,,174.09392730811675,,,,,,,,,,33.21588010871221,,,,,,11.296142329991369,31.205569427829396,,,,,268.99776722748913,,276.78541666666695,3.534786054937229,3.47894608340468,3.582421180332842
SNB,rice,2028,,,,0.41471227623095386,26.82569023554352,,,1924.9924088965245,1925.2417595390907,1918.4766972369316,,,,,,116.22203092352788,,,,,,,,173.9270518493505,,,,,,,,,,33.39448758030312,,,,,,11.497546895712162,31.182512897024445,,,,,269.019499208658,,276.35372807017575,3.582421180332842,3.534786054937229,3.6242821585291107
SNB,rice,2029,,,,0.41649289171666837,26.803157753487277,,,1928.1090678599885,1928.4035450751144,1921.3326286002666,,,,,,116.13999991722918,,,,,,,,173.76017639058432,,,,,,,,,,33.57309505189403,,,,,,11.698951461432955,31.159456366219494,,,,,269.0412311898268,,275.92203947368455,3.6242821585291107,3.582421180332842,3.6610453281735564
SNB,rice,2030,,,,0.41827350720238243,26.780625271431035,,,1931.2257268234534,1931.565330611139,1924.1885599636025,,,,,,116.05796891093047,,,,,,,,173.59330093181808,,,,,,,,,,33.75170252348494,,,,,,11.900356027153748,31.136399835414544,,,,,269.06296317099566,,275.49035087719324,3.6610453281735564,3.6242821585291107,3.693042574572262
SNB,wheat,2021,,44.39385854802086,,0.560415323389293,,,,,1879.821109748873,,134.9920021050616,,,152.78368980661446,,,,,117.20031440350886,,,1882.9887350701752,,,,,,,,,261.7611729214765,261.8371518488242,,71.08000223892918,,,0.05513315405205965,,,,,20.778372848937863,29.118420649019612,12.43832504885618,,,,,2.38637455877235,2.7039886826306,2.49843163741016
SNB,wheat,2022,,44.43863651011222,,0.5690090521552023,,,,,1884.1890149777428,,133.91554425208415,,,152.78244332609793,,,,,115.04864517807073,,,1884.282205019298,,,,,,,,,262.20798183236263,262.27671512733946,,71.78446519246813,,,0.05103643776813627,,,,,20.74300395188162,29.0479227125129,12.438085191250398,,,,,2.49843163741016,2.38637455877235,2.710626314183459
SNB,wheat,2023,,44.48341447220358,,0.5776027809211115,,,,,1888.5569202066144,,132.8390863991067,,,152.78119684558138,,,,,112.89697595263169,,,1885.575674968421,,,,,,,,,262.6547907432489,262.7162784058546,,72.48892814600708,,,0.04693972148421466,,,,,20.707635054825374,28.97742477600619,12.437845333644617,,,,,2.710626314183459,2.49843163741016,2.820552492940931
SNB,wheat,2024,,44.52819243429495,,0.5861965096870208,,,,,1892.9248254354861,,131.76262854612878,,,152.77995036506485,,,,,110.74530672719357,,,1886.8691449175435,,,,,,,,,263.10159965413504,263.1558416843699,,73.19339109954603,,,0.04284300520029127,,,,,20.67226615776913,28.906926839499448,12.437605476038835,,,,,2.820552492940931,2.710626314183459,2.879643801962695
SNB,wheat,2025,,44.57297039638631,,0.59479023845293,,,,,1897.292730664356,,130.68617069315133,,,152.7787038845483,,,,,108.59363750175453,,,1888.1626148666664,,,,,,,,,263.5484085650212,263.59540496288514,,73.89785405308498,,,0.038746288916369664,,,,,20.63689726071287,28.836428902992736,12.437365618433052,,,,,2.879643801962695,2.820552492940931,2.947222182335033
SNB,wheat,2026,,44.61774835847767,,0.6033839672188392,,,,,1901.6606358932277,,129.60971284017387,,,152.77745740403176,,,,,106.4419682763164,,,1889.4560848157894,,,,,,,,,263.99521747590745,264.0349682414003,,74.60231700662393,,,0.03464957263244628,,,,,20.601528363656627,28.765930966486025,12.437125760827271,,,,,2.947222182335033,2.879643801962695,3.0302769291412015
SNB,wheat,2027,,44.66252632056903,,0.6119776959847485,,,,,1906.0285411220975,,128.53325498719641,,,152.7762109235152,,,,,104.29029905087737,,,1890.7495547649119,,,,,,,,,264.4420263867936,264.47453151991556,,75.30677996016288,,,0.03055285634852467,,,,,20.566159466600382,28.695433029979313,12.436885903221489,,,,,3.0302769291412015,2.947222182335033,3.1139617118417395
SNB,wheat,2028,,44.70730428266039,,0.6205714247506577,,,,,1910.3964463509692,,127.45679713421896,,,152.77496444299868,,,,,102.13862982543924,,,1892.0430247140348,,,,,,,,,264.88883529767975,264.9140947984308,,76.01124291370206,,,0.026456140064601286,,,,,20.530790569544138,28.6249350934726,12.436646045615708,,,,,3.1139617118417395,3.0302769291412015,3.189997422474191
SNB,wheat,2029,,44.75208224475175,,0.6291651535165634,,,,,1914.7643515798409,,126.38033928124105,,,152.77371796248215,,,,,99.9869606000002,,,1893.3364946631577,,,,,,,,,265.335644208566,265.3536580769461,,76.71570586724101,,,0.022359423780679677,,,,,20.49542167248788,28.55443715696589,12.436406188009926,,,,,3.189997422474191,3.1139617118417395,3.259236492645613
SNB,wheat,2030,,44.79686020684312,,0.6377588822824727,,,,,1919.1322568087107,,125.3038814282636,,,152.7724714819656,,,,,97.83529137456208,,,1894.6299646122802,,,,,,,,,265.78245311945216,265.79322135546124,,77.42016882077996,,,0.018262707496756292,,,,,20.460052775431635,28.483939220459177,12.436166330404143,,,,,3.259236492645613,3.189997422474191,3.324157878971602
VNS,maize,2021,,46.30525227577698,,0.46697744524166707,,,,1895.7596925877183,1890.6859245614028,1900.8334606140343,,,,,,,120.63458193773812,,,,,,,186.50071942142856,,272.80227703431365,272.89542916428564,,,,,,,34.847142857142956,,,,,16.337922675297705,,,29.86990115008169,34.482734906699314,25.257067393464055,,,,,1.682977979727368,1.6640677966101696,1.755893003873631
VNS,maize,2022,,46.67018716509824,,0.4679141124075761,,,,1898.4553711622789,1893.0301616228066,1903.8805807017534,,,,,,,120.7364660922511,,,,,,,186.59118155714285,,272.1499520006448,272.8713045493506,,,,,,,34.96441558441569,,,,,16.606396086482846,,,29.86822113444702,34.46014596676123,25.276296302132785,,,,,1.755893003873631,1.682977979727368,1.8171369096282552
VNS,maize,2023,,47.03512205441962,,0.4688507795734853,,,,1901.1510497368404,1895.3743986842096,1906.9277007894725,,,,,,,120.8383502467641,,,,,,,186.68164369285714,,271.497626966976,272.8471799344155,,,,,,,35.081688311688424,,,,,16.874869497667873,,,29.866541118812343,34.43755702682315,25.29552521080152,,,,,1.8171369096282552,1.755893003873631,1.8644765080987171
VNS,maize,2024,,47.40005694374088,,0.4697874467393943,,,,1903.8467283114019,1897.7186357456135,1909.9748208771916,,,,,,,120.94023440127708,,,,,,,186.7721058285714,,270.8453019333074,272.8230553194805,,,,,,,35.19896103896116,,,,,17.1433429088529,,,29.864861103177667,34.41496808688507,25.31475411947025,,,,,1.8644765080987171,1.8171369096282552,1.9067131661584997
VNS,maize,2025,,47.76499183306214,,0.47072411390530333,,,,1906.5424068859634,1900.0628728070164,1913.0219409649108,,,,,,,121.04211855579007,,,,,,,186.8625679642857,,270.19297689963855,272.7989307045454,,,,,,,35.31623376623389,,,,,17.411816320038042,,,29.86318108754299,34.39237914694698,25.333983028138988,,,,,1.9067131661584997,1.8644765080987171,1.949265817733756
VNS,maize,2026,,48.1299267223834,,0.47166078107121256,,,,1909.2380854605249,1902.4071098684203,1916.0690610526299,,,,,,,121.14400271030306,,,,,,,186.95303009999998,,269.5406518659697,272.77480608961037,,,,,,,35.4335064935066,,,,,17.68028973122307,,,29.861501071908318,34.3697902070089,25.353211936807718,,,,,1.949265817733756,1.9067131661584997,1.9936429986437767
VNS,maize,2027,,48.49486161170478,,0.4725974482371216,,,,1911.9337640350864,1904.7513469298242,1919.11618114035,,,,,,,121.24588686481604,,,,,,,187.04349223571424,,268.8883268323011,272.7506814746753,,,,,,,35.55077922077933,,,,,17.94876314240821,,,29.859821056273642,34.347201267070815,25.372440845476454,,,,,1.9936429986437767,1.949265817733756,2.0395893769974123
VNS,maize,2028,,48.85979650102604,,0.4735341154030306,,,,1914.629442609647,1907.0955839912272,1922.163301228069,,,,,,,121.347771019329,,,,,,,187.13395437142853,,268.2360017986323,272.72655685974024,,,,,,,35.66805194805207,,,,,18.21723655359324,,,29.85814104063897,34.32461232713273,25.391669754145184,,,,,2.0395893769974123,1.9936429986437767,2.08653405116349
VNS,maize,2029,,49.2247313903473,,0.4744707825689398,,,,1917.3251211842085,1909.439821052631,1925.2104213157882,,,,,,,121.44965517384199,,,,,,,187.22441650714282,,267.58367676496346,272.70243224480515,,,,,,,35.7853246753248,,,,,18.485709964778266,,,29.856461025004293,34.30202338719465,25.41089866281392,,,,,2.08653405116349,2.0395893769974123,2.1340696665360683
VNS,maize,2030,,49.58966627966856,,0.47540744973484883,,,,1920.02079975877,1911.784058114034,1928.2575414035073,,,,,,,121.55153932835498,,,,,,,187.31487864285708,,266.93135173129485,272.6783076298701,,,,,,,35.902597402597536,,,,,18.754183375963407,,,29.854781009369617,34.27943444725656,25.43012757148265,,,,,2.1340696665360683,2.08653405116349,2.1819485286695732
VNS,rice,2021,,46.30525227577698,,0.44644113853214407,,,,1895.7596925877183,1890.6859245614028,1900.8334606140343,,,,,,,,131.1392598540475,,,,,,175.09518006071414,,,,,,,,,268.8533112038095,35.93714285714293,,,,,16.337922675297705,,,28.201198432189532,32.36564963022873,24.03674723415033,,,,,2.65599495161969,2.52900256180618,2.687334775134802
VNS,rice,2022,,46.67018716509824,,0.4484512237136373,,,,1898.4553711622789,1893.0301616228066,1903.8805807017534,,,,,,,,131.12947162119036,,,,,,174.9283046019479,,,,,,,,,268.8494520019913,36.1535064935066,,,,,16.606396086482846,,,28.192970709408314,32.34664645504813,24.039294963768494,,,,,2.687334775134802,2.65599495161969,2.7483894901424675
VNS,rice,2023,,47.03512205441962,,0.4504613088951306,,,,1901.1510497368404,1895.3743986842096,1906.9277007894725,,,,,,,,131.11968338833321,,,,,,174.76142914318172,,,,,,,,,268.84559280017316,36.369870129870264,,,,,16.874869497667873,,,28.184742986627096,32.32764327986753,24.04184269338666,,,,,2.7483894901424675,2.687334775134802,2.811246098519153
VNS,rice,2024,,47.40005694374088,,0.45247139407662385,,,,1903.8467283114019,1897.7186357456135,1909.9748208771916,,,,,,,,131.10989515547607,,,,,,174.59455368441547,,,,,,,,,268.84173359835495,36.586233766233875,,,,,17.1433429088529,,,28.17651526384588,32.30864010468693,24.044390423004828,,,,,2.811246098519153,2.7483894901424675,2.874716526955636
VNS,rice,2025,,47.76499183306214,,0.454481479258118,,,,1906.5424068859634,1900.0628728070164,1913.0219409649108,,,,,,,,131.10010692261892,,,,,,174.42767822564923,,,,,,,,,268.8378743965368,36.80259740259754,,,,,17.411816320038042,,,28.168287541064657,32.28963692950633,24.046938152622992,,,,,2.874716526955636,2.811246098519153,2.9384630382627197
VNS,rice,2026,,48.1299267223834,,0.45649156443961125,,,,1909.2380854605249,1902.4071098684203,1916.0690610526299,,,,,,,,131.09031868976174,,,,,,174.260802766883,,,,,,,,,268.83401519471863,37.01896103896115,,,,,17.68028973122307,,,28.16005981828344,32.27063375432573,24.049485882241157,,,,,2.9384630382627197,2.874716526955636,3.0020683239060206
VNS,rice,2027,,48.49486161170478,,0.4585016496211045,,,,1911.9337640350864,1904.7513469298242,1919.11618114035,,,,,,,,131.0805304569046,,,,,,174.09392730811675,,,,,,,,,268.8301559929004,37.23532467532482,,,,,17.94876314240821,,,28.151832095502222,32.25163057914512,24.052033611859322,,,,,3.0020683239060206,2.9384630382627197,3.06502488824297
VNS,rice,2028,,48.85979650102604,,0.46051173480259866,,,,1914.629442609647,1907.0955839912272,1922.163301228069,,,,,,,,131.07074222404745,,,,,,173.9270518493505,,,,,,,,,268.82629679108226,37.451688311688486,,,,,18.21723655359324,,,28.143604372721004,32.23262740396452,24.054581341477487,,,,,3.06502488824297,3.0020683239060206,3.1267642710383274
VNS,rice,2029,,49.2247313903473,,0.4625218199840919,,,,1917.3251211842085,1909.439821052631,1925.2104213157882,,,,,,,,131.0609539911903,,,,,,173.76017639058432,,,,,,,,,268.82243758926404,37.668051948052096,,,,,18.485709964778266,,,28.135376649939783,32.21362422878392,24.057129071095652,,,,,3.1267642710383274,3.06502488824297,3.1866885199055286
VNS,rice,2030,,49.58966627966856,,0.4645319051655852,,,,1920.02079975877,1911.784058114034,1928.2575414035073,,,,,,,,131.05116575833316,,,,,,173.59330093181808,,,,,,,,,268.8185783874459,37.88441558441576,,,,,18.754183375963407,,,28.127148927158565,32.19462105360332,24.059676800713817,,,,,3.1866885199055286,3.1267642710383274,3.2442092196024577
VNS,wheat,2021,,46.30525227577698,,0.6417701454238163,,,,,,,137.11236544393842,117.32744849302344,,,,,,,,156.8972823948535,,155.08466675337877,,,,,,,,,263.8704046089284,266.0394490747917,,77.82678571428596,,,0.03702280219666054,,,,,19.354717243937884,26.863276546895378,11.846157940980362,,,,,3.29977036376135,3.49597668652951,3.321455809145867
VNS,wheat,2022,,46.67018716509824,,0.6521768815381002,,,,,,,136.06623074279332,115.06275040714172,,,,,,,,157.0697110784451,,154.58235776877268,,,,,,,,,264.3415263264948,266.55752166803745,,78.36266233766264,,,0.0393466256138959,,,,,19.33209607240795,26.79252264276741,11.87166950204847,,,,,3.321455809145867,3.29977036376135,3.542099583290777
VNS,wheat,2023,,47.03512205441962,,0.6625836176523876,,,,,,,135.02009604164823,112.79805232126,,,,,,,,157.2421397620367,,154.08004878416648,,,,,,,,,264.8126480440611,267.0755942612834,,78.89853896103932,,,0.04167044903113215,,,,,19.309474900878023,26.72176873863944,11.897181063116577,,,,,3.542099583290777,3.321455809145867,3.7481708503101867
VNS,wheat,2024,,47.40005694374088,,0.6729903537666715,,,,,,,133.97396134050314,110.53335423537828,,,,,,,,157.41456844562833,,153.57773979956028,,,,,,,,,265.2837697616276,267.59366685452915,,79.434415584416,,,0.0439942724483684,,,,,19.28685372934809,26.65101483451147,11.922692624184684,,,,,3.7481708503101867,3.542099583290777,3.821279252850969
VNS,wheat,2025,,47.76499183306214,,0.6833970898809589,,,,,,,132.92782663935805,108.26865614949656,,,,,,,,157.58699712921992,,153.07543081495407,,,,,,,,,265.75489147919393,268.1117394477751,,79.97029220779268,,,0.04631809586560376,,,,,19.264232557818154,26.580260930383503,11.948204185252798,,,,,3.821279252850969,3.7481708503101867,3.8170046591361233
VNS,wheat,2026,,48.1299267223834,,0.6938038259952428,,,,,,,131.88169193821295,106.00395806361485,,,,,,,,157.75942581281157,,152.573121830348,,,,,,,,,266.2260131967603,268.62981204102107,,80.50616883116913,,,0.04864191928284001,,,,,19.241611386288227,26.509507026255534,11.973715746320906,,,,,3.8170046591361233,3.821279252850969,3.83867911046255
VNS,wheat,2027,,48.49486161170478,,0.7042105621095303,,,,,,,130.83555723706786,103.73925997773313,,,,,,,,157.93185449640316,,152.07081284574178,,,,,,,,,266.69713491432674,269.1478846342668,,81.04204545454581,,,0.05096574270007537,,,,,19.218990214758293,26.438753122127565,11.999227307389013,,,,,3.83867911046255,3.8170046591361233,3.9205922811394927
VNS,wheat,2028,,48.85979650102604,,0.7146172982238177,,,,,,,129.78942253592277,101.47456189185141,,,,,,,,158.10428317999475,,151.56850386113558,,,,,,,,,267.1682566318931,269.66595722751276,,81.5779220779225,,,0.053289566117311615,,,,,19.196369043228366,26.367999217999568,12.02473886845712,,,,,3.9205922811394927,3.83867911046255,4.0142828592214315
VNS,wheat,2029,,49.2247313903473,,0.7250240343381016,,,,,,,128.74328783477768,99.20986380596969,,,,,,,,158.2767118635864,,151.06619487652938,,,,,,,,,267.63937834945943,270.1840298207587,,82.11379870129917,,,0.055613389534546975,,,,,19.17374787169843,26.2972453138716,12.050250429525235,,,,,4.0142828592214315,3.9205922811394927,4.064441467324218
VNS,wheat,2030,,49.58966627966856,,0.735430770452389,,,,,,,127.69715313363258,96.94516572008797,,,,,,,,158.449140547178,,150.5638858919233,,,,,,,,,268.1105000670258,270.70210241400446,,82.64967532467585,,,0.057937212951783224,,,,,19.151126700168497,26.22649140974363,12.075761990593342,,,,,4.064441467324218,4.0142828592214315,4.0775884223746885
